Alpha,Re,D1,D2,D3,Cd,Cl
-10,1000000,0,0,10,0.01840994,-1.053524
-9,1000000,0,0,10,0.01421,-0.9760128
-8,1000000,0,0,10,0.01300172,-0.8782619
-7,1000000,0,0,10,0.01115754,-0.787978
-6,1000000,0,0,10,0.009997573,-0.6955409
-5,1000000,0,0,10,0.008908685,-0.5974049
-4,1000000,0,0,10,0.007610315,-0.458765
-3,1000000,0,0,10,0.006319519,-0.3233536
-2,1000000,0,0,10,0.005389571,-0.2090076
-1,1000000,0,0,10,0.00483121,-0.1045272
0,1000000,0,0,10,0.004640988,1.79E-09
1,1000000,0,0,10,0.004831203,0.1045286
2,1000000,0,0,10,0.005389529,0.2090102
3,1000000,0,0,10,0.006319298,0.3233482
4,1000000,0,0,10,0.007609892,0.4587651
5,1000000,0,0,10,0.008908091,0.5974368
6,1000000,0,0,10,0.009996662,0.6954367
7,1000000,0,0,10,0.0111567,0.7879032
8,1000000,0,0,10,0.01300113,0.8782409
9,1000000,0,0,10,0.0142097,0.9760567
10,1000000,0,0,10,0.01841022,1.053669
11,1000000,0,0,10,0.02122518,1.138146
12,1000000,0,0,10,0.02480585,1.210904
13,1000000,0,0,10,0.02871392,1.266621
14,1000000,0,0,10,0.03330627,1.299659
15,1000000,0,0,10,0.049384,1.262468
16,1000000,0,0,10,0.0824333,1.170111
18,1000000,0,0,10,0.2245137,0.7852445
19,1000000,0,0,10,0.2401035,0.8128663
20,1000000,0,0,10,0.2548252,0.8440897
-10,2000000,0,0,10,0.01293075,-1.090374
-9,2000000,0,0,10,0.01155357,-0.992171
-8,2000000,0,0,10,0.01029756,-0.8963188
-7,2000000,0,0,10,0.009419933,-0.8018118
-6,2000000,0,0,10,0.008419281,-0.6847373
-5,2000000,0,0,10,0.007457441,-0.5521006
-4,2000000,0,0,10,0.006541187,-0.429987
-3,2000000,0,0,10,0.005653133,-0.3231837
-2,2000000,0,0,10,0.005015149,-0.2174626
-1,2000000,0,0,10,0.00467677,-0.1092882
0,2000000,0,0,10,0.004605105,1.02E-11
1,2000000,0,0,10,0.00467676,0.1092897
2,2000000,0,0,10,0.005015143,0.2174689
3,2000000,0,0,10,0.005653182,0.3231965
4,2000000,0,0,10,0.006541123,0.4300001
5,2000000,0,0,10,0.007457209,0.5521081
6,2000000,0,0,10,0.008419013,0.6847772
7,2000000,0,0,10,0.009419149,0.8016942
8,2000000,0,0,10,0.01029679,0.8962473
9,2000000,0,0,10,0.01155313,0.9921725
10,2000000,0,0,10,0.0129307,1.090447
11,2000000,0,0,10,0.01478591,1.185371
12,2000000,0,0,10,0.01748384,1.271544
13,2000000,0,0,10,0.02169311,1.338428
14,2000000,0,0,10,0.0230888,1.425049
15,2000000,0,0,10,0.02517301,1.49366
16,2000000,0,0,10,0.02991548,1.522596
17,2000000,0,0,10,0.04130219,1.510587
18,2000000,0,0,10,0.06973199,1.421985
19,2000000,0,0,10,0.1387122,1.136064
-10,5000000,0,0,10,0.01066418,-1.105562
-8,5000000,0,0,10,0.008386561,-0.9027851
-7,5000000,0,0,10,0.007555796,-0.7779157
-6,5000000,0,0,10,0.006849601,-0.6586863
-5,5000000,0,0,10,0.006299933,-0.5516113
-4,5000000,0,0,10,0.005823036,-0.4432799
-3,5000000,0,0,10,0.005396947,-0.333437
-2,5000000,0,0,10,0.005071931,-0.2227217
-1,5000000,0,0,10,0.004834046,-0.1116609
0,5000000,0,0,10,0.004757998,3.03E-10
1,5000000,0,0,10,0.004834035,0.1116621
2,5000000,0,0,10,0.005071927,0.2227268
3,5000000,0,0,10,0.005396949,0.3334489
4,5000000,0,0,10,0.005823072,0.4433014
5,5000000,0,0,10,0.006299968,0.5516445
6,5000000,0,0,10,0.006849647,0.6587253
7,5000000,0,0,10,0.0075558,0.7779675
8,5000000,0,0,10,0.008386425,0.9028455
9,5000000,0,0,10,0.009576919,1.006696
10,5000000,0,0,10,0.01066398,1.1056
11,5000000,0,0,10,0.01175552,1.207165
12,5000000,0,0,10,0.01289874,1.307827
13,5000000,0,0,10,0.01413885,1.406202
14,5000000,0,0,10,0.01560735,1.500314
16,5000000,0,0,10,0.02329506,1.616737
17,5000000,0,0,10,0.02783781,1.641254
18,5000000,0,0,10,0.03941464,1.620411
19,5000000,0,0,10,0.06968459,1.512871
-10,10000000,0,0,10,0.008916018,-1.118448
-9,10000000,0,0,10,0.008123896,-1.008037
-8,10000000,0,0,10,0.007248252,-0.8886813
-7,10000000,0,0,10,0.006707258,-0.7802161
-6,10000000,0,0,10,0.006211222,-0.6720472
-5,10000000,0,0,10,0.00589336,-0.5613507
-4,10000000,0,0,10,0.005603989,-0.4495864
-3,10000000,0,0,10,0.005358673,-0.3375231
-2,10000000,0,0,10,0.005121959,-0.22518
-1,10000000,0,0,10,0.004926678,-0.1125932
0,10000000,0,0,10,0.004873502,-5.02E-10
1,10000000,0,0,10,0.004926667,0.1125943
2,10000000,0,0,10,0.005121946,0.2251843
3,10000000,0,0,10,0.005358648,0.3375329
4,10000000,0,0,10,0.005603973,0.4496042
5,10000000,0,0,10,0.005893372,0.5613787
6,10000000,0,0,10,0.006211297,0.6720887
7,10000000,0,0,10,0.006707346,0.7802722
8,10000000,0,0,10,0.007248308,0.8887411
9,10000000,0,0,10,0.008123912,1.008111
10,10000000,0,0,10,0.008915649,1.118419
11,10000000,0,0,10,0.009773962,1.221676
12,10000000,0,0,10,0.01074981,1.324811
13,10000000,0,0,10,0.01195681,1.425
14,10000000,0,0,10,0.01367451,1.518932
15,10000000,0,0,10,0.01528686,1.610781
16,10000000,0,0,10,0.01710097,1.696551
17,10000000,0,0,10,0.01930631,1.77169
18,10000000,0,0,10,0.02205661,1.819469
19,10000000,0,0,10,0.02652131,1.845435
20,10000000,0,0,10,0.03459294,1.851905
-10,1000000,0,0,12,0.01504393,-1.080211
-9,1000000,0,0,12,0.01343744,-0.9946407
-8,1000000,0,0,12,0.01214183,-0.9099188
-7,1000000,0,0,12,0.01093785,-0.8269496
-6,1000000,0,0,12,0.009720631,-0.6940459
-5,1000000,0,0,12,0.008472837,-0.5577394
-4,1000000,0,0,12,0.007279526,-0.4277333
-3,1000000,0,0,12,0.006403928,-0.3199945
-2,1000000,0,0,12,0.005804601,-0.2144671
-1,1000000,0,0,12,0.005486409,-0.107441
0,1000000,0,0,12,0.005403112,-1.13E-10
1,1000000,0,0,12,0.005486403,0.1074429
2,1000000,0,0,12,0.005804603,0.2144741
4,1000000,0,0,12,0.007279378,0.4277474
5,1000000,0,0,12,0.008472472,0.5577641
6,1000000,0,0,12,0.009719936,0.6940975
7,1000000,0,0,12,0.01093619,0.8268065
8,1000000,0,0,12,0.01214055,0.9098028
9,1000000,0,0,12,0.01343631,0.9945874
10,1000000,0,0,12,0.01504327,1.080268
11,1000000,0,0,12,0.01707853,1.164895
12,1000000,0,0,12,0.01924915,1.246472
13,1000000,0,0,12,0.02217156,1.312158
14,1000000,0,0,12,0.0255925,1.357179
15,1000000,0,0,12,0.03257402,1.370426
16,1000000,0,0,12,0.04268791,1.378914
17,1000000,0,0,12,0.06007375,1.351649
18,1000000,0,0,12,0.08603607,1.279961
19,1000000,0,0,12,0.1170556,1.191017
20,1000000,0,0,12,0.1486923,1.113125
-10,2000000,0,0,12,0.01235932,-1.105454
-9,2000000,0,0,12,0.01122463,-1.018598
-8,2000000,0,0,12,0.01017344,-0.9146769
-7,2000000,0,0,12,0.009119505,-0.7831139
-6,2000000,0,0,12,0.008133951,-0.6555597
-5,2000000,0,0,12,0.007241294,-0.5418401
-4,2000000,0,0,12,0.006450319,-0.4368766
-3,2000000,0,0,12,0.005824593,-0.3297815
-2,2000000,0,0,12,0.005421438,-0.2210096
-1,2000000,0,0,12,0.005208769,-0.1108555
0,2000000,0,0,12,0.005158167,-1.38E-09
1,2000000,0,0,12,0.005208761,0.1108571
2,2000000,0,0,12,0.005421432,0.2210164
3,2000000,0,0,12,0.005824609,0.3297972
4,2000000,0,0,12,0.006450412,0.4369031
5,2000000,0,0,12,0.00724131,0.5418747
6,2000000,0,0,12,0.008133847,0.6555973
7,2000000,0,0,12,0.009119192,0.7831799
8,2000000,0,0,12,0.010173,0.9147529
9,2000000,0,0,12,0.01122328,1.018468
10,2000000,0,0,12,0.01235828,1.105407
11,2000000,0,0,12,0.01371734,1.195902
12,2000000,0,0,12,0.01549186,1.284864
13,2000000,0,0,12,0.01712168,1.373381
14,2000000,0,0,12,0.01970026,1.445695
15,2000000,0,0,12,0.02213371,1.504316
16,2000000,0,0,12,0.02595363,1.545842
17,2000000,0,0,12,0.03291973,1.563954
18,2000000,0,0,12,0.04823569,1.532682
19,2000000,0,0,12,0.07150892,1.46797
20,2000000,0,0,12,0.1158795,1.291057
-10,5000000,0,0,12,0.01014639,-1.127561
-9,5000000,0,0,12,0.009150628,-1.005352
-8,5000000,0,0,12,0.008257707,-0.8839365
-7,5000000,0,0,12,0.007555135,-0.7740313
-6,5000000,0,0,12,0.006936277,-0.6671932
-5,5000000,0,0,12,0.00641219,-0.5584084
-4,5000000,0,0,12,0.005990171,-0.4480659
-3,5000000,0,0,12,0.00561583,-0.3369768
-2,5000000,0,0,12,0.005325713,-0.2252063
-1,5000000,0,0,12,0.005144077,-0.1127801
0,5000000,0,0,12,0.005080215,1.18E-09
1,5000000,0,0,12,0.005144067,0.1127815
2,5000000,0,0,12,0.005325697,0.2252119
3,5000000,0,0,12,0.005615835,0.3369896
4,5000000,0,0,12,0.005990185,0.4480898
5,5000000,0,0,12,0.006412274,0.5584468
6,5000000,0,0,12,0.006936443,0.6672489
7,5000000,0,0,12,0.007555326,0.7741038
8,5000000,0,0,12,0.008257739,0.8840059
9,5000000,0,0,12,0.009150667,1.005447
10,5000000,0,0,12,0.01014641,1.127673
11,5000000,0,0,12,0.01109143,1.222152
12,5000000,0,0,12,0.01227009,1.316522
13,5000000,0,0,12,0.01354893,1.411838
14,5000000,0,0,12,0.01515041,1.501688
15,5000000,0,0,12,0.01676837,1.587244
16,5000000,0,0,12,0.01888485,1.655807
17,5000000,0,0,12,0.02198143,1.698919
18,5000000,0,0,12,0.02604677,1.738707
19,5000000,0,0,12,0.0326238,1.762587
20,5000000,0,0,12,0.04361197,1.760158
-9,10000000,0,0,12,0.008023768,-1.00248
-8,10000000,0,0,12,0.007371542,-0.8968637
-7,10000000,0,0,12,0.006860129,-0.788132
-6,10000000,0,0,12,0.006440317,-0.6775535
-5,10000000,0,0,12,0.006095338,-0.5657171
-4,10000000,0,0,12,0.005783451,-0.4533957
-3,10000000,0,0,12,0.005517013,-0.3405343
-2,10000000,0,0,12,0.005279614,-0.2272966
-1,10000000,0,0,12,0.005137654,-0.11374
0,10000000,0,0,12,0.005067791,-2.22E-12
1,10000000,0,0,12,0.005137646,0.1137412
2,10000000,0,0,12,0.0052796,0.2273015
3,10000000,0,0,12,0.005516994,0.3405454
4,10000000,0,0,12,0.005783461,0.4534158
5,10000000,0,0,12,0.006095356,0.5657494
6,10000000,0,0,12,0.006440397,0.6776009
7,10000000,0,0,12,0.006860263,0.7881985
8,10000000,0,0,12,0.007371809,0.8969522
9,10000000,0,0,12,0.008024096,1.00259
10,10000000,0,0,12,0.008784668,1.113916
11,10000000,0,0,12,0.009709893,1.23232
12,10000000,0,0,12,0.01073967,1.332284
13,10000000,0,0,12,0.01175848,1.431094
14,10000000,0,0,12,0.01305689,1.526309
15,10000000,0,0,12,0.01449074,1.617274
16,10000000,0,0,12,0.01601555,1.702802
17,10000000,0,0,12,0.01795024,1.770913
18,10000000,0,0,12,0.02074565,1.815632
19,10000000,0,0,12,0.02500072,1.849898
20,10000000,0,0,12,0.03115483,1.875606
-8,1000000,0,0,15,0.01175806,-0.9032645
-7,1000000,0,0,15,0.01041426,-0.7705475
-6,1000000,0,0,15,0.009159009,-0.643883
-5,1000000,0,0,15,0.008188213,-0.5373385
-4,1000000,0,0,15,0.007436316,-0.4327728
-3,1000000,0,0,15,0.006894844,-0.3260922
-2,1000000,0,0,15,0.00655537,-0.217998
-1,1000000,0,0,15,0.006376476,-0.1091761
0,1000000,0,0,15,0.006320777,2.42E-08
1,1000000,0,0,15,0.006376463,0.1091786
2,1000000,0,0,15,0.006555352,0.2180079
3,1000000,0,0,15,0.006894837,0.3261141
4,1000000,0,0,15,0.007436319,0.4328103
5,1000000,0,0,15,0.008188279,0.5373886
6,1000000,0,0,15,0.00915877,0.6439381
7,1000000,0,0,15,0.01041347,0.7706282
8,1000000,0,0,15,0.01175666,0.9034037
9,1000000,0,0,15,0.01311981,1.038806
10,1000000,0,0,15,0.01446327,1.114264
11,1000000,0,0,15,0.01581025,1.177956
12,1000000,0,0,15,0.01751255,1.245098
13,1000000,0,0,15,0.01982191,1.299378
14,1000000,0,0,15,0.02266719,1.355314
15,1000000,0,0,15,0.02720556,1.395791
16,1000000,0,0,15,0.03417879,1.420895
17,1000000,0,0,15,0.04475543,1.425423
18,1000000,0,0,15,0.05920502,1.409669
19,1000000,0,0,15,0.08016171,1.356432
20,1000000,0,0,15,0.10623,1.278124
-10,2000000,0,0,15,0.01209976,-1.121051
-9,2000000,0,0,15,0.01086767,-0.9921475
-8,2000000,0,0,15,0.009740488,-0.8690085
-7,2000000,0,0,15,0.008803602,-0.7599219
-6,2000000,0,0,15,0.007948477,-0.6570687
-5,2000000,0,0,15,0.007252797,-0.5513132
-3,2000000,0,0,15,0.006281154,-0.3340445
-2,2000000,0,0,15,0.006015924,-0.2235365
-1,2000000,0,0,15,0.005867794,-0.1121666
0,2000000,0,0,15,0.005819315,-2.61E-10
1,2000000,0,0,15,0.005867783,0.1121686
2,2000000,0,0,15,0.006015905,0.2235448
3,2000000,0,0,15,0.00628117,0.3340638
5,2000000,0,0,15,0.007252896,0.5513716
6,2000000,0,0,15,0.00794864,0.6571523
8,2000000,0,0,15,0.009740323,0.8691211
9,2000000,0,0,15,0.01086727,0.9923125
10,2000000,0,0,15,0.01209898,1.121247
11,2000000,0,0,15,0.01336099,1.22368
12,2000000,0,0,15,0.01455845,1.291183
13,2000000,0,0,15,0.01605199,1.366372
14,2000000,0,0,15,0.01796623,1.428432
15,2000000,0,0,15,0.02058969,1.485617
16,2000000,0,0,15,0.02414637,1.535746
17,2000000,0,0,15,0.02957091,1.571087
18,2000000,0,0,15,0.03816957,1.584697
19,2000000,0,0,15,0.04967675,1.583628
20,2000000,0,0,15,0.06712069,1.545899
-10,5000000,0,0,15,0.009861597,-1.097249
-9,5000000,0,0,15,0.008990483,-0.9938561
-8,5000000,0,0,15,0.008280917,-0.8896698
-7,5000000,0,0,15,0.007632985,-0.7823667
-6,5000000,0,0,15,0.007072652,-0.6736386
-5,5000000,0,0,15,0.006610695,-0.5634791
-4,5000000,0,0,15,0.006211992,-0.4523033
-3,5000000,0,0,15,0.005893902,-0.3403932
-2,5000000,0,0,15,0.005665671,-0.2272689
-1,5000000,0,0,15,0.005528264,-0.1139384
0,5000000,0,0,15,0.005473794,-1.52E-10
1,5000000,0,0,15,0.005528252,0.1139401
2,5000000,0,0,15,0.005665652,0.227276
3,5000000,0,0,15,0.00589389,0.3404093
4,5000000,0,0,15,0.006212042,0.452333
5,5000000,0,0,15,0.006610813,0.5635274
6,5000000,0,0,15,0.007072791,0.6737123
7,5000000,0,0,15,0.007633346,0.7824706
8,5000000,0,0,15,0.008281375,0.8898093
9,5000000,0,0,15,0.008990961,0.9940382
10,5000000,0,0,15,0.009861673,1.09745
11,5000000,0,0,15,0.01085388,1.214029
12,5000000,0,0,15,0.01200692,1.332117
13,5000000,0,0,15,0.01314865,1.413906
14,5000000,0,0,15,0.01447722,1.495675
15,5000000,0,0,15,0.01598518,1.565622
16,5000000,0,0,15,0.01816255,1.626562
17,5000000,0,0,15,0.02102342,1.68174
18,5000000,0,0,15,0.025109,1.726847
19,5000000,0,0,15,0.03168528,1.751512
20,5000000,0,0,15,0.0405214,1.763827
-10,10000000,0,0,15,0.008788717,-1.118102
-9,10000000,0,0,15,0.008145938,-1.011823
-8,10000000,0,0,15,0.007575787,-0.9036843
-7,10000000,0,0,15,0.007102069,-0.7934542
-6,10000000,0,0,15,0.006682986,-0.6822355
-5,10000000,0,0,15,0.006330165,-0.5699756
-4,10000000,0,0,15,0.005987504,-0.4571757
-3,10000000,0,0,15,0.005721823,-0.3437044
-2,10000000,0,0,15,0.005518833,-0.2295711
-1,10000000,0,0,15,0.005384608,-0.1149333
0,10000000,0,0,15,0.005339633,-1.90E-11
1,10000000,0,0,15,0.005384598,0.1149349
2,10000000,0,0,15,0.00551882,0.2295773
3,10000000,0,0,15,0.005721807,0.3437187
4,10000000,0,0,15,0.005987506,0.457202
5,10000000,0,0,15,0.006330176,0.5700185
6,10000000,0,0,15,0.006683084,0.6822988
7,10000000,0,0,15,0.00710227,0.7935437
8,10000000,0,0,15,0.007576067,0.9038065
9,10000000,0,0,15,0.008146276,1.011987
10,10000000,0,0,15,0.008789227,1.118313
11,10000000,0,0,15,0.00954772,1.220005
12,10000000,0,0,15,0.01044365,1.323881
13,10000000,0,0,15,0.01154881,1.437035
14,10000000,0,0,15,0.01265889,1.526768
15,10000000,0,0,15,0.01389106,1.612006
16,10000000,0,0,15,0.01546559,1.67854
17,10000000,0,0,15,0.01751672,1.740425
18,10000000,0,0,15,0.0202308,1.796491
19,10000000,0,0,15,0.02444332,1.837958
20,10000000,0,0,15,0.03068692,1.864158
-10,1000000,1,2,12,0.01578586,-0.9968925
-9,1000000,1,2,12,0.01411909,-0.9204987
-8,1000000,1,2,12,0.01271465,-0.8277852
-7,1000000,1,2,12,0.01128475,-0.6925629
-6,1000000,1,2,12,0.01002924,-0.5546179
-5,1000000,1,2,12,0.008979173,-0.4269812
-4,1000000,1,2,12,0.008104842,-0.3193761
-3,1000000,1,2,12,0.007257667,-0.2157627
-2,1000000,1,2,12,0.006066525,-0.1132843
-1,1000000,1,2,12,0.005687653,-0.006299731
0,1000000,1,2,12,0.005530476,0.1004806
1,1000000,1,2,12,0.005591754,0.2055743
2,1000000,1,2,12,0.006033299,0.3114205
3,1000000,1,2,12,0.006708005,0.4223596
4,1000000,1,2,12,0.007480207,0.5563956
5,1000000,1,2,12,0.00820986,0.6980663
6,1000000,1,2,12,0.008888113,0.8175193
7,1000000,1,2,12,0.009956644,0.9055506
8,1000000,1,2,12,0.01143391,0.9918553
9,1000000,1,2,12,0.01297774,1.081553
10,1000000,1,2,12,0.01467225,1.172003
11,1000000,1,2,12,0.01658454,1.258842
12,1000000,1,2,12,0.01873522,1.338937
13,1000000,1,2,12,0.02154519,1.398281
14,1000000,1,2,12,0.02515901,1.441877
15,1000000,1,2,12,0.03084104,1.470669
16,1000000,1,2,12,0.04127395,1.471695
17,1000000,1,2,12,0.05717679,1.450047
18,1000000,1,2,12,0.08084819,1.386557
19,1000000,1,2,12,0.1074221,1.313011
20,1000000,1,2,12,0.1307546,1.266364
-10,2000000,1,2,12,0.01259052,-1.033351
-9,2000000,1,2,12,0.01129076,-0.9128709
-8,2000000,1,2,12,0.01008134,-0.7842123
-7,2000000,1,2,12,0.009061193,-0.656584
-6,2000000,1,2,12,0.008243111,-0.5467411
-5,2000000,1,2,12,0.007592099,-0.4406019
-4,2000000,1,2,12,0.007123495,-0.3331289
-3,2000000,1,2,12,0.006719816,-0.2235883
-2,2000000,1,2,12,0.005974634,-0.1160251
-1,2000000,1,2,12,0.005487681,-0.007154639
0,2000000,1,2,12,0.005338752,0.1032828
1,2000000,1,2,12,0.005321632,0.2130929
2,2000000,1,2,12,0.00546849,0.3218208
3,2000000,1,2,12,0.005831806,0.430377
4,2000000,1,2,12,0.006274519,0.5374688
5,2000000,1,2,12,0.00682204,0.6555753
6,2000000,1,2,12,0.007662639,0.787402
7,2000000,1,2,12,0.008905895,0.9177271
8,2000000,1,2,12,0.01003705,1.005909
9,2000000,1,2,12,0.01119528,1.096824
10,2000000,1,2,12,0.01246959,1.191557
11,2000000,1,2,12,0.01388059,1.285667
12,2000000,1,2,12,0.01551245,1.375475
13,2000000,1,2,12,0.01742258,1.457976
14,2000000,1,2,12,0.01967109,1.524998
15,2000000,1,2,12,0.0225588,1.575597
16,2000000,1,2,12,0.02708857,1.611749
17,2000000,1,2,12,0.03467846,1.628197
18,2000000,1,2,12,0.04698318,1.620825
19,2000000,1,2,12,0.06703915,1.571053
20,2000000,1,2,12,0.09740091,1.465702
-10,5000000,1,2,12,0.0098581,-1.0051
-9,5000000,1,2,12,0.00889378,-0.8881522
-8,5000000,1,2,12,0.008108767,-0.7823853
-7,5000000,1,2,12,0.007500136,-0.6753553
-6,5000000,1,2,12,0.007001153,-0.5657639
-5,5000000,1,2,12,0.00670714,-0.4554137
-4,5000000,1,2,12,0.006432327,-0.3433428
-3,5000000,1,2,12,0.00620294,-0.2306016
-2,5000000,1,2,12,0.005993201,-0.1177872
-1,5000000,1,2,12,0.005527192,-0.006829629
0,5000000,1,2,12,0.005310237,0.1050551
1,5000000,1,2,12,0.005265679,0.2174344
2,5000000,1,2,12,0.005243497,0.3296641
3,5000000,1,2,12,0.005317311,0.4424638
4,5000000,1,2,12,0.005498011,0.5548843
5,5000000,1,2,12,0.005924636,0.6643396
6,5000000,1,2,12,0.006667336,0.7689683
7,5000000,1,2,12,0.007559294,0.879967
8,5000000,1,2,12,0.008514363,1.003232
9,5000000,1,2,12,0.009453944,1.116561
10,5000000,1,2,12,0.01040757,1.211183
11,5000000,1,2,12,0.01147014,1.309914
12,5000000,1,2,12,0.01270577,1.406608
13,5000000,1,2,12,0.01406191,1.499806
14,5000000,1,2,12,0.01565447,1.586482
15,5000000,1,2,12,0.01751557,1.662242
16,5000000,1,2,12,0.01975346,1.717745
17,5000000,1,2,12,0.0234098,1.757975
18,5000000,1,2,12,0.02846568,1.79176
19,5000000,1,2,12,0.036917,1.803133
20,5000000,1,2,12,0.05168569,1.775516
-10,10000000,1,2,12,0.008558035,-1.011213
-9,10000000,1,2,12,0.007855113,-0.9054436
-8,10000000,1,2,12,0.007283278,-0.7965551
-7,10000000,1,2,12,0.006820326,-0.6859499
-6,10000000,1,2,12,0.006545951,-0.5746163
-5,10000000,1,2,12,0.0063163,-0.4619656
-4,10000000,1,2,12,0.006084,-0.348373
-3,10000000,1,2,12,0.005896751,-0.2344017
-2,10000000,1,2,12,0.005751518,-0.1202969
-1,10000000,1,2,12,0.005639206,-0.00637372
0,10000000,1,2,12,0.00532213,0.1061213
1,10000000,1,2,12,0.005228239,0.2198368
3,10000000,1,2,12,0.005097182,0.4475264
4,10000000,1,2,12,0.005344235,0.560823
5,10000000,1,2,12,0.005787424,0.6720661
6,10000000,1,2,12,0.006315408,0.7818922
7,10000000,1,2,12,0.006922394,0.8895718
8,10000000,1,2,12,0.007572303,0.9943162
9,10000000,1,2,12,0.008355177,1.109257
10,10000000,1,2,12,0.009226555,1.224677
11,10000000,1,2,12,0.01013948,1.323761
12,10000000,1,2,12,0.01115253,1.423994
13,10000000,1,2,12,0.01230093,1.521374
14,10000000,1,2,12,0.01360847,1.614284
15,10000000,1,2,12,0.01513739,1.700326
16,10000000,1,2,12,0.0168425,1.774925
17,10000000,1,2,12,0.01913159,1.826632
18,10000000,1,2,12,0.02239441,1.871045
19,10000000,1,2,12,0.02780059,1.897964
20,10000000,1,2,12,0.03583547,1.911058
-10,1000000,1,5,20,0.01315196,-0.9032163
-9,1000000,1,5,20,0.01194507,-0.8156697
-8,1000000,1,5,20,0.01094753,-0.7218141
-7,1000000,1,5,20,0.01009725,-0.6219398
-6,1000000,1,5,20,0.009390361,-0.5186982
-5,1000000,1,5,20,0.008834134,-0.4131388
-4,1000000,1,5,20,0.00841425,-0.3062862
-3,1000000,1,5,20,0.008096128,-0.198597
-2,1000000,1,5,20,0.007893936,-0.09019859
-1,1000000,1,5,20,0.00778545,0.01843095
0,1000000,1,5,20,0.007742989,0.1269361
1,1000000,1,5,20,0.007795305,0.234868
2,1000000,1,5,20,0.007892583,0.3421805
3,1000000,1,5,20,0.008104125,0.4479839
4,1000000,1,5,20,0.008384803,0.5521607
5,1000000,1,5,20,0.008800459,0.6538038
6,1000000,1,5,20,0.009403577,0.7512767
7,1000000,1,5,20,0.01021706,0.8424709
8,1000000,1,5,20,0.01138975,0.9437615
9,1000000,1,5,20,0.01291894,1.07395
10,1000000,1,5,20,0.01423217,1.148447
11,1000000,1,5,20,0.01585834,1.195735
12,1000000,1,5,20,0.01813022,1.25799
13,1000000,1,5,20,0.02106482,1.316955
14,1000000,1,5,20,0.02495919,1.367729
15,1000000,1,5,20,0.03001322,1.409376
16,1000000,1,5,20,0.03650987,1.441435
17,1000000,1,5,20,0.04503825,1.459272
18,1000000,1,5,20,0.05551868,1.465114
19,1000000,1,5,20,0.06856889,1.454295
20,1000000,1,5,20,0.08390727,1.430134
-10,2000000,1,5,20,0.0111388,-0.9444106
-9,2000000,1,5,20,0.01024651,-0.8468414
-8,2000000,1,5,20,0.009459757,-0.7450809
-7,2000000,1,5,20,0.008791088,-0.64045
-6,2000000,1,5,20,0.008250265,-0.5335616
-4,2000000,1,5,20,0.007446717,-0.3158588
-3,2000000,1,5,20,0.007176645,-0.2056826
-2,2000000,1,5,20,0.007006262,-0.09435452
-1,2000000,1,5,20,0.006901508,0.01713498
0,2000000,1,5,20,0.006885262,0.1285451
1,2000000,1,5,20,0.006927608,0.240057
2,2000000,1,5,20,0.007050473,0.3506184
3,2000000,1,5,20,0.007250985,0.4599043
4,2000000,1,5,20,0.007520958,0.568028
5,2000000,1,5,20,0.007895367,0.6733962
6,2000000,1,5,20,0.008356073,0.7764544
7,2000000,1,5,20,0.008980681,0.8751019
8,2000000,1,5,20,0.009765003,0.967244
9,2000000,1,5,20,0.01077375,1.04979
10,2000000,1,5,20,0.01220593,1.164728
11,2000000,1,5,20,0.01358147,1.239455
12,2000000,1,5,20,0.01528722,1.305574
13,2000000,1,5,20,0.01752742,1.372079
14,2000000,1,5,20,0.02037053,1.433586
15,2000000,1,5,20,0.02406812,1.487186
16,2000000,1,5,20,0.02890376,1.530884
17,2000000,1,5,20,0.03499538,1.566255
18,2000000,1,5,20,0.04296742,1.587533
19,2000000,1,5,20,0.05300497,1.594468
20,2000000,1,5,20,0.06533007,1.586059
-10,5000000,1,5,20,0.009530009,-0.9775979
-9,5000000,1,5,20,0.008843969,-0.8734308
-8,5000000,1,5,20,0.008257162,-0.7665092
-7,5000000,1,5,20,0.007753531,-0.6577242
-5,5000000,1,5,20,0.00695727,-0.4361077
-4,5000000,1,5,20,0.006678889,-0.3236567
-3,5000000,1,5,20,0.006451534,-0.2106055
-2,5000000,1,5,20,0.00629848,-0.09677243
-1,5000000,1,5,20,0.006217022,0.01721211
0,5000000,1,5,20,0.006208246,0.1310617
1,5000000,1,5,20,0.006265068,0.244848
2,5000000,1,5,20,0.006381505,0.3580006
3,5000000,1,5,20,0.006579762,0.4699981
4,5000000,1,5,20,0.006856316,0.5806786
5,5000000,1,5,20,0.007194742,0.6899
6,5000000,1,5,20,0.007638774,0.7966075
7,5000000,1,5,20,0.008131306,0.9012227
8,5000000,1,5,20,0.008740991,1.001996
9,5000000,1,5,20,0.009430188,1.098333
10,5000000,1,5,20,0.01025921,1.180852
12,5000000,1,5,20,0.01271882,1.356295
13,5000000,1,5,20,0.01434811,1.429711
14,5000000,1,5,20,0.01639186,1.500151
15,5000000,1,5,20,0.01897178,1.564815
16,5000000,1,5,20,0.02235733,1.620862
17,5000000,1,5,20,0.02659845,1.669931
18,5000000,1,5,20,0.03215512,1.708233
19,5000000,1,5,20,0.03923587,1.735017
20,5000000,1,5,20,0.04811901,1.748578
-10,10000000,1,5,20,0.008700188,-0.9956619
-9,10000000,1,5,20,0.008134143,-0.8882492
-8,10000000,1,5,20,0.007657369,-0.7786989
-7,10000000,1,5,20,0.007239139,-0.6677564
-6,10000000,1,5,20,0.006860425,-0.5555771
-5,10000000,1,5,20,0.00655029,-0.4423915
-4,10000000,1,5,20,0.006313274,-0.328273
-3,10000000,1,5,20,0.006108547,-0.2137508
-2,10000000,1,5,20,0.005974055,-0.09852321
-1,10000000,1,5,20,0.00590554,0.01695516
0,10000000,1,5,20,0.0058878,0.1322052
1,10000000,1,5,20,0.005948637,0.2472424
2,10000000,1,5,20,0.006088835,0.3616067
3,10000000,1,5,20,0.006273492,0.4750932
4,10000000,1,5,20,0.00653474,0.5877015
5,10000000,1,5,20,0.006874419,0.6982976
6,10000000,1,5,20,0.00725599,0.8077401
7,10000000,1,5,20,0.007724653,0.9147326
8,10000000,1,5,20,0.008239117,1.019377
9,10000000,1,5,20,0.008816103,1.120989
10,10000000,1,5,20,0.009463883,1.215332
11,10000000,1,5,20,0.010261,1.30136
12,10000000,1,5,20,0.01127801,1.378933
13,10000000,1,5,20,0.01260496,1.466594
14,10000000,1,5,20,0.01422875,1.542324
15,10000000,1,5,20,0.01626062,1.612909
16,10000000,1,5,20,0.01893587,1.675523
17,10000000,1,5,20,0.02229755,1.731468
18,10000000,1,5,20,0.02663394,1.778855
19,10000000,1,5,20,0.03222339,1.816075
20,10000000,1,5,20,0.03942703,1.840426
-10,1000000,2,6,8,0.02671033,-0.8340551
-9,1000000,2,6,8,0.01907969,-0.778254
-8,1000000,2,6,8,0.01527726,-0.6564774
-7,1000000,2,6,8,0.01238569,-0.5324047
-6,1000000,2,6,8,0.01017435,-0.4066553
-5,1000000,2,6,8,0.008768411,-0.2731428
-4,1000000,2,6,8,0.007667601,-0.1447656
-3,1000000,2,6,8,0.006504049,-0.02763633
-2,1000000,2,6,8,0.005543687,0.08122291
-1,1000000,2,6,8,0.004874602,0.1898558
0,1000000,2,6,8,0.00448689,0.2991363
1,1000000,2,6,8,0.003920443,0.4010969
2,1000000,2,6,8,0.004651751,0.510911
3,1000000,2,6,8,0.00634601,0.6089353
4,1000000,2,6,8,0.008483464,0.7063264
5,1000000,2,6,8,0.01007904,0.8082855
6,1000000,2,6,8,0.01147225,0.9111398
7,1000000,2,6,8,0.01331157,1.010028
8,1000000,2,6,8,0.01569767,1.103615
9,1000000,2,6,8,0.01887407,1.189853
10,1000000,2,6,8,0.02236134,1.271519
11,1000000,2,6,8,0.02779264,1.33256
12,1000000,2,6,8,0.03461169,1.360675
13,1000000,2,6,8,0.04484206,1.333262
14,1000000,2,6,8,0.06856829,1.249072
-10,2000000,2,6,8,0.01503863,-0.8514005
-9,2000000,2,6,8,0.0120972,-0.7336155
-8,2000000,2,6,8,0.01052643,-0.6092286
-7,2000000,2,6,8,0.009012735,-0.4854468
-6,2000000,2,6,8,0.007758002,-0.3654756
-5,2000000,2,6,8,0.00692185,-0.2543495
-4,2000000,2,6,8,0.00622691,-0.1469108
-3,2000000,2,6,8,0.005531249,-0.03669321
-2,2000000,2,6,8,0.004828166,0.07449566
-1,2000000,2,6,8,0.004297499,0.1861305
1,2000000,2,6,8,0.004211848,0.4052748
2,2000000,2,6,8,0.00474161,0.5002732
3,2000000,2,6,8,0.006179988,0.6085457
4,2000000,2,6,8,0.007642275,0.712074
5,2000000,2,6,8,0.008653967,0.8184428
6,2000000,2,6,8,0.00970793,0.9239291
7,2000000,2,6,8,0.01085032,1.027876
8,2000000,2,6,8,0.01226935,1.128801
9,2000000,2,6,8,0.01414435,1.225078
10,2000000,2,6,8,0.0162934,1.317008
11,2000000,2,6,8,0.01895788,1.401853
12,2000000,2,6,8,0.02174826,1.48054
13,2000000,2,6,8,0.02707948,1.52336
14,2000000,2,6,8,0.0312529,1.554671
15,2000000,2,6,8,0.03894065,1.554012
16,2000000,2,6,8,0.05346208,1.519654
17,2000000,2,6,8,0.09252593,1.397907
18,2000000,2,6,8,0.1765713,1.128958
-10,5000000,2,6,8,0.01000385,-0.820897
-9,5000000,2,6,8,0.008657239,-0.7057958
-8,5000000,2,6,8,0.007739392,-0.5977294
-7,5000000,2,6,8,0.006893158,-0.4893539
-6,5000000,2,6,8,0.006235517,-0.3792283
-5,5000000,2,6,8,0.005685031,-0.2681773
-4,5000000,2,6,8,0.005225063,-0.1555917
-3,5000000,2,6,8,0.004813847,-0.04258422
-2,5000000,2,6,8,0.004419013,0.07034727
-1,5000000,2,6,8,0.004141526,0.1828033
0,5000000,2,6,8,0.004329283,0.2925651
1,5000000,2,6,8,0.004833536,0.4009478
2,5000000,2,6,8,0.005528901,0.5086698
3,5000000,2,6,8,0.006291444,0.6156027
4,5000000,2,6,8,0.006551231,0.7204236
5,5000000,2,6,8,0.007254367,0.8294235
6,5000000,2,6,8,0.00800194,0.9374594
7,5000000,2,6,8,0.008885254,1.04378
8,5000000,2,6,8,0.009892504,1.148243
9,5000000,2,6,8,0.01096895,1.250971
10,5000000,2,6,8,0.01240145,1.349682
11,5000000,2,6,8,0.01385026,1.446232
12,5000000,2,6,8,0.01567985,1.537286
13,5000000,2,6,8,0.0180175,1.620431
14,5000000,2,6,8,0.02028627,1.698492
15,5000000,2,6,8,0.02305419,1.762186
16,5000000,2,6,8,0.0265599,1.794663
17,5000000,2,6,8,0.03216428,1.807809
18,5000000,2,6,8,0.04240923,1.78847
19,5000000,2,6,8,0.06312641,1.720883
20,5000000,2,6,8,0.1039552,1.582239
-10,10000000,2,6,8,0.008441317,-0.8249231
-9,10000000,2,6,8,0.007406853,-0.7179457
-8,10000000,2,6,8,0.006645651,-0.6080077
-7,10000000,2,6,8,0.006038178,-0.4970941
-6,10000000,2,6,8,0.005530178,-0.3852776
-5,10000000,2,6,8,0.005116797,-0.2722353
-4,10000000,2,6,8,0.00477961,-0.158796
-3,10000000,2,6,8,0.004535253,-0.04524484
-2,10000000,2,6,8,0.004375582,0.06770954
-1,10000000,2,6,8,0.00450911,0.1788186
0,10000000,2,6,8,0.00471682,0.2899426
1,10000000,2,6,8,0.005102641,0.4002025
2,10000000,2,6,8,0.005600374,0.5099228
3,10000000,2,6,8,0.006077314,0.6198608
4,10000000,2,6,8,0.006484119,0.7301011
5,10000000,2,6,8,0.006571195,0.8382267
6,10000000,2,6,8,0.007066398,0.9455492
7,10000000,2,6,8,0.007786048,1.053378
8,10000000,2,6,8,0.008598389,1.159661
9,10000000,2,6,8,0.009529387,1.264032
10,10000000,2,6,8,0.01062598,1.365871
11,10000000,2,6,8,0.01187933,1.46494
12,10000000,2,6,8,0.01317311,1.561622
13,10000000,2,6,8,0.01475636,1.653363
14,10000000,2,6,8,0.01688274,1.736671
15,10000000,2,6,8,0.01897831,1.814694
16,10000000,2,6,8,0.02134365,1.880932
17,10000000,2,6,8,0.02431108,1.916501
18,10000000,2,6,8,0.02872866,1.939852
19,10000000,2,6,8,0.03564686,1.945622
20,10000000,2,6,8,0.04713132,1.925498
-10,1000000,2,3,12,0.01667662,-0.934415
-9,1000000,2,3,12,0.01414293,-0.8070124
-8,1000000,2,3,12,0.01235245,-0.6772958
-7,1000000,2,3,12,0.01085897,-0.5427521
-6,1000000,2,3,12,0.009683262,-0.4250909
-5,1000000,2,3,12,0.008760423,-0.3191565
-4,1000000,2,3,12,0.008041642,-0.2113077
-3,1000000,2,3,12,0.007486101,-0.1024891
-2,1000000,2,3,12,0.007009141,0.006226064
0,1000000,2,3,12,0.005733613,0.2165909
1,1000000,2,3,12,0.005741034,0.3198322
2,1000000,2,3,12,0.006183941,0.4306714
3,1000000,2,3,12,0.006800496,0.5777563
4,1000000,2,3,12,0.007275152,0.7087649
5,1000000,2,3,12,0.00776422,0.805226
6,1000000,2,3,12,0.008454612,0.9019914
7,1000000,2,3,12,0.009729556,0.9955732
8,1000000,2,3,12,0.01151719,1.086586
9,1000000,2,3,12,0.01333764,1.177008
10,1000000,2,3,12,0.01513823,1.265338
11,1000000,2,3,12,0.01722119,1.345954
12,1000000,2,3,12,0.01956187,1.411896
13,1000000,2,3,12,0.02273268,1.460417
14,1000000,2,3,12,0.02686933,1.502817
15,1000000,2,3,12,0.03511825,1.510674
16,1000000,2,3,12,0.04493068,1.521942
17,1000000,2,3,12,0.05940016,1.506829
18,1000000,2,3,12,0.07948857,1.461237
19,1000000,2,3,12,0.1042629,1.392406
20,1000000,2,3,12,0.1264605,1.347657
-10,2000000,2,3,12,0.01214732,-0.8954726
-9,2000000,2,3,12,0.01081261,-0.7709357
-8,2000000,2,3,12,0.009629114,-0.6539011
-7,2000000,2,3,12,0.00874366,-0.5485214
-6,2000000,2,3,12,0.008067241,-0.4407393
-5,2000000,2,3,12,0.007466085,-0.330952
-4,2000000,2,3,12,0.007045851,-0.2202575
-3,2000000,2,3,12,0.006718338,-0.1091423
-2,2000000,2,3,12,0.006480801,0.00204639
-1,2000000,2,3,12,0.006208852,0.1129345
0,2000000,2,3,12,0.005594121,0.2209747
1,2000000,2,3,12,0.005443937,0.3308693
2,2000000,2,3,12,0.005396975,0.4387566
3,2000000,2,3,12,0.005620992,0.5452826
4,2000000,2,3,12,0.006078193,0.6753805
5,2000000,2,3,12,0.006674876,0.8110643
6,2000000,2,3,12,0.007612807,0.909965
7,2000000,2,3,12,0.008920472,1.001015
8,2000000,2,3,12,0.01030496,1.096301
9,2000000,2,3,12,0.01165577,1.192887
10,2000000,2,3,12,0.01303954,1.287811
11,2000000,2,3,12,0.01449264,1.379343
12,2000000,2,3,12,0.01618308,1.463712
13,2000000,2,3,12,0.01819319,1.532432
14,2000000,2,3,12,0.02087545,1.585717
15,2000000,2,3,12,0.02450864,1.631175
16,2000000,2,3,12,0.03002177,1.662592
17,2000000,2,3,12,0.03957838,1.666019
18,2000000,2,3,12,0.05171199,1.661223
19,2000000,2,3,12,0.0691253,1.626457
20,2000000,2,3,12,0.0916585,1.564368
-10,5000000,2,3,12,0.009412744,-0.8876833
-9,5000000,2,3,12,0.008547979,-0.7826182
-8,5000000,2,3,12,0.007873592,-0.6756562
-7,5000000,2,3,12,0.007322222,-0.5650501
-6,5000000,2,3,12,0.006885842,-0.4534523
-5,5000000,2,3,12,0.006548997,-0.340709
-4,5000000,2,3,12,0.00629934,-0.2277493
-3,5000000,2,3,12,0.006107993,-0.114547
-2,5000000,2,3,12,0.005988944,-0.001147179
-1,5000000,2,3,12,0.005898741,0.1122594
0,5000000,2,3,12,0.005745067,0.2255167
1,5000000,2,3,12,0.005313597,0.3373145
2,5000000,2,3,12,0.005138858,0.4505787
3,5000000,2,3,12,0.005057304,0.5630328
4,5000000,2,3,12,0.005198553,0.6700422
5,5000000,2,3,12,0.005856708,0.7773822
6,5000000,2,3,12,0.006886659,0.8974394
7,5000000,2,3,12,0.007965645,1.011384
8,5000000,2,3,12,0.008932653,1.108961
9,5000000,2,3,12,0.009896383,1.210596
10,5000000,2,3,12,0.01093782,1.311061
11,5000000,2,3,12,0.01210873,1.408437
12,5000000,2,3,12,0.01338133,1.50195
13,5000000,2,3,12,0.01476925,1.590122
14,5000000,2,3,12,0.01645357,1.664961
15,5000000,2,3,12,0.01854401,1.723273
16,5000000,2,3,12,0.02177353,1.768697
17,5000000,2,3,12,0.02591359,1.810118
18,5000000,2,3,12,0.03231673,1.834891
19,5000000,2,3,12,0.04244671,1.834809
20,5000000,2,3,12,0.05776357,1.80451
-10,10000000,2,3,12,0.00820799,-0.904544
-9,10000000,2,3,12,0.007697592,-0.7958391
-8,10000000,2,3,12,0.007136377,-0.684963
-7,10000000,2,3,12,0.006705356,-0.5727276
-6,10000000,2,3,12,0.006363818,-0.4595845
-5,10000000,2,3,12,0.006118899,-0.3458184
-4,10000000,2,3,12,0.005920286,-0.2318654
-3,10000000,2,3,12,0.005796822,-0.1175931
-2,10000000,2,3,12,0.005684172,-0.003048704
-1,10000000,2,3,12,0.005594168,0.1117236
0,10000000,2,3,12,0.005499166,0.2267689
1,10000000,2,3,12,0.005324644,0.3413995
2,10000000,2,3,12,0.005048591,0.4554086
3,10000000,2,3,12,0.005082729,0.5684577
4,10000000,2,3,12,0.005340992,0.6793065
5,10000000,2,3,12,0.005695721,0.7864204
6,10000000,2,3,12,0.006415215,0.8908452
7,10000000,2,3,12,0.007204701,1.002412
8,10000000,2,3,12,0.008043022,1.118435
9,10000000,2,3,12,0.008835767,1.221787
10,10000000,2,3,12,0.009743712,1.324664
11,10000000,2,3,12,0.01070962,1.425685
12,10000000,2,3,12,0.0117806,1.523462
13,10000000,2,3,12,0.01294142,1.617306
14,10000000,2,3,12,0.01440084,1.702833
15,10000000,2,3,12,0.01587911,1.776943
16,10000000,2,3,12,0.01805532,1.831091
17,10000000,2,3,12,0.02107695,1.87833
18,10000000,2,3,12,0.02520276,1.918088
19,10000000,2,3,12,0.03151627,1.94172
20,10000000,2,3,12,0.04122957,1.942595
-10,1000000,2,4,8,0.03146961,-0.8090493
-9,1000000,2,4,8,0.02222014,-0.7561622
-7,1000000,2,4,8,0.01347262,-0.5928645
-6,1000000,2,4,8,0.01101379,-0.4597087
-5,1000000,2,4,8,0.009111655,-0.3224921
-4,1000000,2,4,8,0.007893041,-0.1922788
-3,1000000,2,4,8,0.006945157,-0.08057112
-2,1000000,2,4,8,0.006087455,0.02607008
0,1000000,2,4,8,0.004079458,0.2293726
1,1000000,2,4,8,0.004415325,0.3604472
2,1000000,2,4,8,0.004991561,0.4652294
3,1000000,2,4,8,0.005767305,0.5707423
4,1000000,2,4,8,0.006931111,0.6747875
5,1000000,2,4,8,0.009223826,0.7719806
6,1000000,2,4,8,0.01077064,0.8740962
7,1000000,2,4,8,0.01238107,0.9749311
8,1000000,2,4,8,0.01460281,1.070062
9,1000000,2,4,8,0.01745163,1.158124
10,1000000,2,4,8,0.02022135,1.243706
11,1000000,2,4,8,0.02505047,1.308736
12,1000000,2,4,8,0.03025398,1.355122
13,1000000,2,4,8,0.03640934,1.369607
14,1000000,2,4,8,0.05265751,1.319749
15,1000000,2,4,8,0.07841431,1.253761
-10,2000000,2,4,8,0.01646148,-0.8760737
-9,2000000,2,4,8,0.01315336,-0.7958716
-8,2000000,2,4,8,0.01131214,-0.6763232
-7,2000000,2,4,8,0.009522075,-0.5490113
-6,2000000,2,4,8,0.008202231,-0.4204352
-5,2000000,2,4,8,0.007209186,-0.3075622
-4,2000000,2,4,8,0.006518522,-0.199805
-3,2000000,2,4,8,0.005988493,-0.09062026
-2,2000000,2,4,8,0.005516576,0.01932426
-1,2000000,2,4,8,0.00508741,0.1294273
0,2000000,2,4,8,0.004451047,0.2382913
1,2000000,2,4,8,0.00394529,0.3396482
2,2000000,2,4,8,0.004449722,0.4640352
3,2000000,2,4,8,0.005186391,0.5708088
4,2000000,2,4,8,0.006689668,0.6736438
5,2000000,2,4,8,0.008159675,0.7771674
6,2000000,2,4,8,0.009224767,0.8828867
7,2000000,2,4,8,0.01037204,0.9873312
8,2000000,2,4,8,0.01166905,1.089651
9,2000000,2,4,8,0.01337223,1.187707
10,2000000,2,4,8,0.01561916,1.279464
11,2000000,2,4,8,0.01775155,1.36895
12,2000000,2,4,8,0.02083063,1.445492
13,2000000,2,4,8,0.02450995,1.507412
14,2000000,2,4,8,0.02888028,1.538856
15,2000000,2,4,8,0.03576947,1.551165
16,2000000,2,4,8,0.04837781,1.536477
17,2000000,2,4,8,0.07287308,1.471188
18,2000000,2,4,8,0.1159081,1.333932
-10,5000000,2,4,8,0.0107393,-0.8887133
-9,5000000,2,4,8,0.00915506,-0.7667799
-8,5000000,2,4,8,0.008092888,-0.6475536
-7,5000000,2,4,8,0.007185993,-0.5401625
-6,5000000,2,4,8,0.006495908,-0.4316552
-5,5000000,2,4,8,0.00599871,-0.3212014
-4,5000000,2,4,8,0.005613852,-0.2096562
-3,5000000,2,4,8,0.005347024,-0.0975723
-2,5000000,2,4,8,0.005139253,0.01469418
-1,5000000,2,4,8,0.004973957,0.126913
0,5000000,2,4,8,0.004836652,0.239015
1,5000000,2,4,8,0.004566185,0.3503861
2,5000000,2,4,8,0.004461863,0.4599561
3,5000000,2,4,8,0.004971563,0.5663268
4,5000000,2,4,8,0.006104312,0.6757747
5,5000000,2,4,8,0.006931287,0.7841212
6,5000000,2,4,8,0.007682587,0.8925034
7,5000000,2,4,8,0.008492299,0.9998451
8,5000000,2,4,8,0.009438697,1.10539
9,5000000,2,4,8,0.0105103,1.208918
10,5000000,2,4,8,0.01183577,1.309198
11,5000000,2,4,8,0.01324306,1.406884
12,5000000,2,4,8,0.01517634,1.497953
13,5000000,2,4,8,0.01703959,1.585935
14,5000000,2,4,8,0.01930172,1.665214
15,5000000,2,4,8,0.02238865,1.725556
16,5000000,2,4,8,0.02670571,1.748893
17,5000000,2,4,8,0.03257478,1.768189
18,5000000,2,4,8,0.04244584,1.766469
19,5000000,2,4,8,0.05944255,1.730302
20,5000000,2,4,8,0.08977737,1.630799
-10,10000000,2,4,8,0.008731176,-0.8752263
-8,10000000,2,4,8,0.006982696,-0.6598271
-7,10000000,2,4,8,0.006358866,-0.5497151
-6,10000000,2,4,8,0.005860308,-0.4383348
-4,10000000,2,4,8,0.005255831,-0.2134274
-3,10000000,2,4,8,0.005089,-0.1004932
-2,10000000,2,4,8,0.004982356,0.012589
-1,10000000,2,4,8,0.00488145,0.1256992
0,10000000,2,4,8,0.004794271,0.2388468
1,10000000,2,4,8,0.004817801,0.3513733
2,10000000,2,4,8,0.005030073,0.4617632
3,10000000,2,4,8,0.005413464,0.5710328
4,10000000,2,4,8,0.005663581,0.6780809
5,10000000,2,4,8,0.006174677,0.7888467
6,10000000,2,4,8,0.006799912,0.8984961
7,10000000,2,4,8,0.007482799,1.007147
8,10000000,2,4,8,0.008262579,1.114338
9,10000000,2,4,8,0.009158721,1.219717
10,10000000,2,4,8,0.01027741,1.322266
11,10000000,2,4,8,0.01135701,1.423466
12,10000000,2,4,8,0.01269612,1.520742
13,10000000,2,4,8,0.0144368,1.612109
14,10000000,2,4,8,0.01607559,1.700792
15,10000000,2,4,8,0.01805548,1.781369
16,10000000,2,4,8,0.02050206,1.848424
17,10000000,2,4,8,0.02384639,1.880209
18,10000000,2,4,8,0.02962732,1.89314
19,10000000,2,4,8,0.03842423,1.893929
20,10000000,2,4,8,0.05229291,1.870984
-10,1000000,2,4,10,0.01759967,-0.8969445
-9,1000000,2,4,10,0.01516702,-0.8199632
-8,1000000,2,4,10,0.01292537,-0.690431
-7,1000000,2,4,10,0.01121227,-0.5567844
-6,1000000,2,4,10,0.009718982,-0.420894
-5,1000000,2,4,10,0.008590442,-0.301406
-4,1000000,2,4,10,0.007705892,-0.1929054
-3,1000000,2,4,10,0.00694278,-0.08506552
-2,1000000,2,4,10,0.006285829,0.02347271
-1,1000000,2,4,10,0.005574029,0.1312391
0,1000000,2,4,10,0.004921169,0.2358221
1,1000000,2,4,10,0.004905214,0.3401569
2,1000000,2,4,10,0.005438327,0.4863008
3,1000000,2,4,10,0.005992017,0.5874614
4,1000000,2,4,10,0.006706277,0.6894042
5,1000000,2,4,10,0.008029921,0.7887256
6,1000000,2,4,10,0.009926545,0.8846027
7,1000000,2,4,10,0.01152988,0.9828798
8,1000000,2,4,10,0.01307419,1.080635
9,1000000,2,4,10,0.01481445,1.17479
10,1000000,2,4,10,0.01702528,1.2614
11,1000000,2,4,10,0.01947445,1.340526
12,1000000,2,4,10,0.0225925,1.399741
13,1000000,2,4,10,0.02618687,1.444945
14,1000000,2,4,10,0.03268093,1.46232
15,1000000,2,4,10,0.04134113,1.475261
16,1000000,2,4,10,0.0543366,1.467165
17,1000000,2,4,10,0.07318168,1.431013
18,1000000,2,4,10,0.09809194,1.369657
19,1000000,2,4,10,0.125252,1.311853
20,1000000,2,4,10,0.15499,1.253974
-10,2000000,2,4,10,0.01312655,-0.9005887
-9,2000000,2,4,10,0.01130992,-0.7762181
-8,2000000,2,4,10,0.00992084,-0.6460386
-7,2000000,2,4,10,0.008719464,-0.5285714
-6,2000000,2,4,10,0.00788479,-0.4214095
-5,2000000,2,4,10,0.007176772,-0.3129951
-4,2000000,2,4,10,0.006621997,-0.2028063
-3,2000000,2,4,10,0.006160144,-0.09199509
-2,2000000,2,4,10,0.005768876,0.01887802
-1,2000000,2,4,10,0.005449131,0.1298596
0,2000000,2,4,10,0.005004338,0.2397012
1,2000000,2,4,10,0.004679288,0.3483495
2,2000000,2,4,10,0.004673237,0.4510189
3,2000000,2,4,10,0.005246134,0.5865241
4,2000000,2,4,10,0.006142547,0.6907347
5,2000000,2,4,10,0.007507722,0.7897625
6,2000000,2,4,10,0.008842407,0.8911023
7,2000000,2,4,10,0.009975111,0.9941235
8,2000000,2,4,10,0.01112358,1.096237
9,2000000,2,4,10,0.01240416,1.195878
10,2000000,2,4,10,0.01387388,1.291849
11,2000000,2,4,10,0.01558871,1.382702
12,2000000,2,4,10,0.01752178,1.467162
13,2000000,2,4,10,0.01997707,1.538135
14,2000000,2,4,10,0.02286571,1.587886
15,2000000,2,4,10,0.02744594,1.620096
16,2000000,2,4,10,0.03367692,1.645057
17,2000000,2,4,10,0.04373965,1.647522
18,2000000,2,4,10,0.06206006,1.6033
19,2000000,2,4,10,0.0879424,1.528336
20,2000000,2,4,10,0.1218492,1.423998
-9,5000000,2,4,10,0.008584524,-0.7613448
-8,5000000,2,4,10,0.007783654,-0.6558657
-7,5000000,2,4,10,0.007115995,-0.5463048
-6,5000000,2,4,10,0.006572492,-0.4351664
-5,5000000,2,4,10,0.006147081,-0.3231032
-4,5000000,2,4,10,0.005827797,-0.2104711
-3,5000000,2,4,10,0.00558473,-0.09754306
-2,5000000,2,4,10,0.005392561,0.01542496
-1,5000000,2,4,10,0.005232117,0.1284125
0,5000000,2,4,10,0.005113027,0.241398
1,5000000,2,4,10,0.004890883,0.3537998
2,5000000,2,4,10,0.004796888,0.4652143
3,5000000,2,4,10,0.005001687,0.5730159
4,5000000,2,4,10,0.005721157,0.6770054
5,5000000,2,4,10,0.006744026,0.7938629
6,5000000,2,4,10,0.00758395,0.8998691
7,5000000,2,4,10,0.008417434,1.006292
8,5000000,2,4,10,0.009273411,1.11196
9,5000000,2,4,10,0.01023986,1.215672
10,5000000,2,4,10,0.01130852,1.317051
11,5000000,2,4,10,0.01253191,1.415094
12,5000000,2,4,10,0.01395316,1.50863
13,5000000,2,4,10,0.01563164,1.595768
14,5000000,2,4,10,0.01740929,1.676385
15,5000000,2,4,10,0.01969668,1.734793
16,5000000,2,4,10,0.02287311,1.77809
17,5000000,2,4,10,0.02723938,1.813749
18,5000000,2,4,10,0.03391912,1.833785
19,5000000,2,4,10,0.04460036,1.828966
20,5000000,2,4,10,0.06158683,1.78987
-10,10000000,2,4,10,0.008310229,-0.8833306
-9,10000000,2,4,10,0.00754743,-0.775857
-8,10000000,2,4,10,0.006918903,-0.6653076
-7,10000000,2,4,10,0.006406969,-0.5535205
-6,10000000,2,4,10,0.006013215,-0.4408506
-5,10000000,2,4,10,0.005710725,-0.3276863
-4,10000000,2,4,10,0.005488868,-0.2141214
-3,10000000,2,4,10,0.005315583,-0.1003669
-2,10000000,2,4,10,0.005189775,0.01358707
-1,10000000,2,4,10,0.005068306,0.1276355
0,10000000,2,4,10,0.004976329,0.2417969
1,10000000,2,4,10,0.004976741,0.3553177
2,10000000,2,4,10,0.005105705,0.4670133
3,10000000,2,4,10,0.005427408,0.5772319
4,10000000,2,4,10,0.005834128,0.686426
5,10000000,2,4,10,0.006186744,0.7923707
6,10000000,2,4,10,0.006802309,0.9058013
7,10000000,2,4,10,0.007484714,1.014051
8,10000000,2,4,10,0.008224683,1.121381
9,10000000,2,4,10,0.009027312,1.227286
10,10000000,2,4,10,0.009942206,1.330978
11,10000000,2,4,10,0.01096267,1.432125
12,10000000,2,4,10,0.01214122,1.529705
13,10000000,2,4,10,0.013498,1.622712
14,10000000,2,4,10,0.01496008,1.710872
15,10000000,2,4,10,0.01674444,1.789498
16,10000000,2,4,10,0.01890757,1.845202
17,10000000,2,4,10,0.02172054,1.891416
18,10000000,2,4,10,0.02596442,1.925862
19,10000000,2,4,10,0.03253337,1.94394
20,10000000,2,4,10,0.04269969,1.939932
-10,1000000,2,4,12,0.01536576,-0.9155752
-9,1000000,2,4,12,0.01349931,-0.7861455
-8,1000000,2,4,12,0.0118342,-0.6536249
-7,1000000,2,4,12,0.01045523,-0.521813
-6,1000000,2,4,12,0.009364675,-0.4121008
-5,1000000,2,4,12,0.008488398,-0.3049885
-4,1000000,2,4,12,0.007731216,-0.1967437
-3,1000000,2,4,12,0.007105739,-0.08753752
-2,1000000,2,4,12,0.006608071,0.02183054
-1,1000000,2,4,12,0.006099528,0.1302581
0,1000000,2,4,12,0.005658332,0.2371218
1,1000000,2,4,12,0.005499299,0.3414282
2,1000000,2,4,12,0.005792065,0.449685
3,1000000,2,4,12,0.006357119,0.5923938
4,1000000,2,4,12,0.006953198,0.714905
5,1000000,2,4,12,0.007770313,0.8094563
6,1000000,2,4,12,0.009058127,0.9018942
7,1000000,2,4,12,0.01071128,0.9940651
8,1000000,2,4,12,0.01234425,1.087023
9,1000000,2,4,12,0.01397187,1.178666
10,1000000,2,4,12,0.01571673,1.266103
11,1000000,2,4,12,0.01772933,1.345181
12,1000000,2,4,12,0.02010611,1.406691
13,1000000,2,4,12,0.02339767,1.456095
14,1000000,2,4,12,0.02785195,1.496431
15,1000000,2,4,12,0.03458468,1.520574
16,1000000,2,4,12,0.04519312,1.520459
17,1000000,2,4,12,0.05794887,1.515841
18,1000000,2,4,12,0.07566105,1.484844
19,1000000,2,4,12,0.09831763,1.429685
20,1000000,2,4,12,0.1207794,1.385397
-10,2000000,2,4,12,0.01183709,-0.8740248
-8,2000000,2,4,12,0.009449259,-0.6404768
-7,2000000,2,4,12,0.008586503,-0.5347553
-6,2000000,2,4,12,0.007866956,-0.4259215
-5,2000000,2,4,12,0.00727077,-0.315489
-4,2000000,2,4,12,0.006782321,-0.2044528
-3,2000000,2,4,12,0.006379034,-0.09308568
-2,2000000,2,4,12,0.006061704,0.01838292
0,2000000,2,4,12,0.005495496,0.2405375
1,2000000,2,4,12,0.005266633,0.3509207
2,2000000,2,4,12,0.005167553,0.4595765
3,2000000,2,4,12,0.005378553,0.5639396
4,2000000,2,4,12,0.006065158,0.6908629
5,2000000,2,4,12,0.007119073,0.8155709
6,2000000,2,4,12,0.008313873,0.9069159
7,2000000,2,4,12,0.009579051,1.002957
8,2000000,2,4,12,0.01079018,1.101442
9,2000000,2,4,12,0.01202637,1.199006
10,2000000,2,4,12,0.0133591,1.293636
11,2000000,2,4,12,0.01484803,1.383393
12,2000000,2,4,12,0.01665204,1.463968
13,2000000,2,4,12,0.01867891,1.52843
14,2000000,2,4,12,0.02143815,1.583088
15,2000000,2,4,12,0.02507699,1.630366
16,2000000,2,4,12,0.03067507,1.661204
17,2000000,2,4,12,0.03830704,1.681023
18,2000000,2,4,12,0.05029454,1.672724
19,2000000,2,4,12,0.06513855,1.654045
20,2000000,2,4,12,0.08535606,1.606138
-10,5000000,2,4,12,0.009296584,-0.8759547
-9,5000000,2,4,12,0.008472503,-0.7700894
-8,5000000,2,4,12,0.007777116,-0.6605851
-7,5000000,2,4,12,0.007191646,-0.549395
-6,5000000,2,4,12,0.0067284,-0.4372345
-5,5000000,2,4,12,0.006352077,-0.3244543
-4,5000000,2,4,12,0.006048514,-0.2112392
-3,5000000,2,4,12,0.005817063,-0.09778522
-2,5000000,2,4,12,0.00563017,0.01576548
-1,5000000,2,4,12,0.005483676,0.1294552
0,5000000,2,4,12,0.005367425,0.2432614
1,5000000,2,4,12,0.005201749,0.3565577
2,5000000,2,4,12,0.005112395,0.4689155
3,5000000,2,4,12,0.00527885,0.5794086
4,5000000,2,4,12,0.005658535,0.6863015
5,5000000,2,4,12,0.006397989,0.7875604
6,5000000,2,4,12,0.007420088,0.9159226
7,5000000,2,4,12,0.008287985,1.014933
8,5000000,2,4,12,0.009174987,1.117545
9,5000000,2,4,12,0.01012221,1.219789
10,5000000,2,4,12,0.01113788,1.320127
11,5000000,2,4,12,0.01228788,1.416933
12,5000000,2,4,12,0.01355915,1.509345
13,5000000,2,4,12,0.01501591,1.594945
14,5000000,2,4,12,0.01674769,1.663688
15,5000000,2,4,12,0.01892082,1.723102
16,5000000,2,4,12,0.02197506,1.773099
17,5000000,2,4,12,0.02630487,1.81239
18,5000000,2,4,12,0.03253603,1.838167
19,5000000,2,4,12,0.04096826,1.851224
20,5000000,2,4,12,0.05316671,1.841661
-10,10000000,2,4,12,0.008221269,-0.8908322
-9,10000000,2,4,12,0.007570108,-0.7805365
-8,10000000,2,4,12,0.007002086,-0.6689995
-6,10000000,2,4,12,0.006205568,-0.4429866
-5,10000000,2,4,12,0.005923449,-0.3291757
-4,10000000,2,4,12,0.00570838,-0.2149232
-3,10000000,2,4,12,0.005528702,-0.1004468
-2,10000000,2,4,12,0.005381532,0.01423369
-1,10000000,2,4,12,0.005250911,0.1291326
0,10000000,2,4,12,0.005156907,0.2441578
1,10000000,2,4,12,0.005155611,0.3585307
2,10000000,2,4,12,0.005253116,0.4713314
3,10000000,2,4,12,0.005477004,0.5825944
4,10000000,2,4,12,0.005882392,0.6925987
5,10000000,2,4,12,0.006332489,0.801293
6,10000000,2,4,12,0.006780774,0.9069458
7,10000000,2,4,12,0.007458759,1.021235
8,10000000,2,4,12,0.008197545,1.12784
9,10000000,2,4,12,0.009006542,1.232413
10,10000000,2,4,12,0.009878268,1.335499
11,10000000,2,4,12,0.01083058,1.43611
12,10000000,2,4,12,0.01191199,1.532941
13,10000000,2,4,12,0.01312715,1.624931
14,10000000,2,4,12,0.01451591,1.709877
15,10000000,2,4,12,0.0162059,1.775295
16,10000000,2,4,12,0.01828301,1.834207
17,10000000,2,4,12,0.02142924,1.880805
18,10000000,2,4,12,0.02549331,1.922072
19,10000000,2,4,12,0.03151101,1.947918
20,10000000,2,4,12,0.04041455,1.953811
-10,1000000,2,4,15,0.01391072,-0.8613146
-9,1000000,2,4,15,0.01238999,-0.7337752
-8,1000000,2,4,15,0.01117415,-0.626675
-7,1000000,2,4,15,0.01016588,-0.5232009
-6,1000000,2,4,15,0.009301535,-0.4169393
-5,1000000,2,4,15,0.008585203,-0.3086809
-4,1000000,2,4,15,0.007994873,-0.1996605
-3,1000000,2,4,15,0.007535884,-0.09013448
-2,1000000,2,4,15,0.007196745,0.01937631
-1,1000000,2,4,15,0.006877019,0.1281326
0,1000000,2,4,15,0.006601318,0.2359091
1,1000000,2,4,15,0.006500597,0.3440874
2,1000000,2,4,15,0.006535555,0.4508791
3,1000000,2,4,15,0.00678734,0.5557086
4,1000000,2,4,15,0.007324486,0.6723794
5,1000000,2,4,15,0.008104537,0.8212342
6,1000000,2,4,15,0.009014923,0.9472011
7,1000000,2,4,15,0.01002264,1.024523
8,1000000,2,4,15,0.01131799,1.102852
9,1000000,2,4,15,0.01287779,1.183655
10,1000000,2,4,15,0.01458398,1.259414
11,1000000,2,4,15,0.01651368,1.325562
12,1000000,2,4,15,0.0189315,1.387478
13,1000000,2,4,15,0.02208157,1.441911
14,1000000,2,4,15,0.02629689,1.487414
15,1000000,2,4,15,0.0323289,1.518522
16,1000000,2,4,15,0.04018711,1.539311
17,1000000,2,4,15,0.05090606,1.542906
18,1000000,2,4,15,0.06458121,1.530539
19,1000000,2,4,15,0.08082269,1.505279
20,1000000,2,4,15,0.100645,1.460954
-10,2000000,2,4,15,0.01114884,-0.8549844
-9,2000000,2,4,15,0.01018046,-0.7532488
-8,2000000,2,4,15,0.009341539,-0.64718
-7,2000000,2,4,15,0.008624885,-0.5385319
-6,2000000,2,4,15,0.008024461,-0.428416
-5,2000000,2,4,15,0.007518017,-0.3176706
-3,2000000,2,4,15,0.006778071,-0.09495783
-2,2000000,2,4,15,0.006538109,0.01694223
-1,2000000,2,4,15,0.006364009,0.1289811
0,2000000,2,4,15,0.006152511,0.2405443
1,2000000,2,4,15,0.005978847,0.3518303
2,2000000,2,4,15,0.005933864,0.4633037
3,2000000,2,4,15,0.005994332,0.5731638
4,2000000,2,4,15,0.006260788,0.6795373
5,2000000,2,4,15,0.006879398,0.7838283
6,2000000,2,4,15,0.007887343,0.9134087
7,2000000,2,4,15,0.009093753,1.043117
8,2000000,2,4,15,0.01019947,1.118888
9,2000000,2,4,15,0.01143023,1.203311
10,2000000,2,4,15,0.01278335,1.289334
11,2000000,2,4,15,0.01424858,1.366062
12,2000000,2,4,15,0.01598132,1.436443
13,2000000,2,4,15,0.01820276,1.501048
14,2000000,2,4,15,0.02108168,1.558692
15,2000000,2,4,15,0.02504019,1.606134
16,2000000,2,4,15,0.0303942,1.642967
17,2000000,2,4,15,0.03761827,1.666788
18,2000000,2,4,15,0.046928,1.679169
19,2000000,2,4,15,0.05911758,1.673639
-10,5000000,2,4,15,0.009209907,-0.8833429
-9,5000000,2,4,15,0.008505791,-0.7744607
-8,5000000,2,4,15,0.007911106,-0.6637776
-7,5000000,2,4,15,0.007412532,-0.5520083
-6,5000000,2,4,15,0.006995178,-0.4394072
-5,5000000,2,4,15,0.006662826,-0.3262401
-4,5000000,2,4,15,0.006381966,-0.2126159
-3,5000000,2,4,15,0.006154079,-0.09869726
-2,5000000,2,4,15,0.00598243,0.01551432
-1,5000000,2,4,15,0.005840935,0.1300329
0,5000000,2,4,15,0.005746907,0.2446695
1,5000000,2,4,15,0.005643657,0.3590656
2,5000000,2,4,15,0.00555482,0.4722784
3,5000000,2,4,15,0.005692514,0.584267
4,5000000,2,4,15,0.00597087,0.6945196
5,5000000,2,4,15,0.006400631,0.8020567
6,5000000,2,4,15,0.007023376,0.9053951
7,5000000,2,4,15,0.007886823,1.007348
8,5000000,2,4,15,0.008947278,1.128596
9,5000000,2,4,15,0.009918733,1.22661
10,5000000,2,4,15,0.01092211,1.319392
11,5000000,2,4,15,0.01205203,1.410421
12,5000000,2,4,15,0.01328077,1.491393
13,5000000,2,4,15,0.01480041,1.563651
14,5000000,2,4,15,0.01671606,1.631167
15,5000000,2,4,15,0.0192965,1.690432
16,5000000,2,4,15,0.02270785,1.741918
17,5000000,2,4,15,0.02727904,1.783726
18,5000000,2,4,15,0.03332163,1.815012
19,5000000,2,4,15,0.04154624,1.831409
20,5000000,2,4,15,0.05240079,1.830993
-10,10000000,2,4,15,0.008265874,-0.8960273
-9,10000000,2,4,15,0.007694199,-0.7850712
-8,10000000,2,4,15,0.007213442,-0.6727804
-7,10000000,2,4,15,0.00682489,-0.5594951
-6,10000000,2,4,15,0.00649152,-0.4456435
-5,10000000,2,4,15,0.006228355,-0.3311448
-4,10000000,2,4,15,0.006000635,-0.2163185
-3,10000000,2,4,15,0.005816325,-0.1010688
-2,10000000,2,4,15,0.005658845,0.01464899
-1,10000000,2,4,15,0.005523811,0.1305754
0,10000000,2,4,15,0.005440502,0.2465733
1,10000000,2,4,15,0.005446371,0.36173
2,10000000,2,4,15,0.005528247,0.4758711
3,10000000,2,4,15,0.005671514,0.5881832
4,10000000,2,4,15,0.005975944,0.6995066
5,10000000,2,4,15,0.006404916,0.8091946
6,10000000,2,4,15,0.00690929,0.9171832
7,10000000,2,4,15,0.007439124,1.023267
8,10000000,2,4,15,0.008070417,1.121873
9,10000000,2,4,15,0.008918801,1.234389
10,10000000,2,4,15,0.00980601,1.33782
11,10000000,2,4,15,0.01076646,1.433596
12,10000000,2,4,15,0.01181699,1.52551
13,10000000,2,4,15,0.01297849,1.604597
14,10000000,2,4,15,0.01447612,1.676041
15,10000000,2,4,15,0.01640602,1.741804
16,10000000,2,4,15,0.01892844,1.800848
17,10000000,2,4,15,0.02229118,1.851809
18,10000000,2,4,15,0.02681589,1.892743
19,10000000,2,4,15,0.03313391,1.919392
20,10000000,2,4,15,0.0411255,1.936837
-10,1000000,2,4,20,0.01309267,-0.8150673
-9,1000000,2,4,20,0.01203334,-0.7211675
-7,1000000,2,4,20,0.01035413,-0.5189571
-6,1000000,2,4,20,0.009714984,-0.4143461
-5,1000000,2,4,20,0.009216055,-0.3081677
-4,1000000,2,4,20,0.00881417,-0.2014175
-3,1000000,2,4,20,0.008530141,-0.0944349
-2,1000000,2,4,20,0.008311306,0.01342057
-1,1000000,2,4,20,0.008125134,0.1207233
0,1000000,2,4,20,0.007963564,0.2273712
1,1000000,2,4,20,0.007908526,0.3346811
2,1000000,2,4,20,0.00797615,0.4416517
3,1000000,2,4,20,0.008089549,0.5482599
4,1000000,2,4,20,0.008292118,0.6531115
5,1000000,2,4,20,0.008678522,0.7539913
6,1000000,2,4,20,0.009293715,0.8493607
7,1000000,2,4,20,0.01028252,0.9653157
8,1000000,2,4,20,0.01152628,1.103055
9,1000000,2,4,20,0.01251051,1.164642
10,1000000,2,4,20,0.01389522,1.220329
11,1000000,2,4,20,0.01584922,1.286681
12,1000000,2,4,20,0.0184437,1.348003
13,1000000,2,4,20,0.02186873,1.401511
14,1000000,2,4,20,0.02638393,1.445317
15,1000000,2,4,20,0.03224188,1.479414
17,1000000,2,4,20,0.04932129,1.511322
18,1000000,2,4,20,0.06054776,1.510777
19,1000000,2,4,20,0.07379624,1.497349
20,1000000,2,4,20,0.08843153,1.477045
-10,2000000,2,4,20,0.01105721,-0.8493027
-9,2000000,2,4,20,0.01027269,-0.7470665
-8,2000000,2,4,20,0.009582922,-0.6424227
-7,2000000,2,4,20,0.009001627,-0.5357021
-6,2000000,2,4,20,0.008510339,-0.427689
-5,2000000,2,4,20,0.008111572,-0.3188433
-4,2000000,2,4,20,0.007807574,-0.20903
-3,2000000,2,4,20,0.007565888,-0.09843996
-2,2000000,2,4,20,0.007387143,0.01253092
-1,2000000,2,4,20,0.007264138,0.123875
0,2000000,2,4,20,0.007148638,0.2349824
1,2000000,2,4,20,0.007041614,0.3453352
2,2000000,2,4,20,0.007022261,0.4561667
3,2000000,2,4,20,0.007104306,0.5666936
4,2000000,2,4,20,0.007292636,0.6750326
5,2000000,2,4,20,0.007587216,0.7807169
6,2000000,2,4,20,0.008038994,0.8824361
7,2000000,2,4,20,0.008682581,0.976795
8,2000000,2,4,20,0.009605507,1.06813
10,2000000,2,4,20,0.01207294,1.256083
11,2000000,2,4,20,0.01370473,1.324213
12,2000000,2,4,20,0.01582456,1.391041
13,2000000,2,4,20,0.01852694,1.452436
14,2000000,2,4,20,0.02197361,1.506858
15,2000000,2,4,20,0.02652347,1.551136
16,2000000,2,4,20,0.03231588,1.586805
17,2000000,2,4,20,0.03965876,1.611525
18,2000000,2,4,20,0.04864316,1.625216
20,2000000,2,4,20,0.07249576,1.611791
-10,5000000,2,4,20,0.009419822,-0.8779959
-9,5000000,2,4,20,0.008812398,-0.7709461
-8,5000000,2,4,20,0.008297776,-0.6618536
-7,5000000,2,4,20,0.007856003,-0.5514631
-6,5000000,2,4,20,0.007495658,-0.4400457
-5,5000000,2,4,20,0.007201311,-0.3276559
-4,5000000,2,4,20,0.006937764,-0.2147477
-3,5000000,2,4,20,0.006749924,-0.1010169
-2,5000000,2,4,20,0.006578198,0.01314254
0,5000000,2,4,20,0.006391473,0.2425753
1,5000000,2,4,20,0.006339741,0.3569858
2,5000000,2,4,20,0.006309736,0.4700842
3,5000000,2,4,20,0.006403002,0.5815181
4,5000000,2,4,20,0.006609739,0.6922489
5,5000000,2,4,20,0.006926406,0.8009044
6,5000000,2,4,20,0.007343084,0.9068195
7,5000000,2,4,20,0.007850792,1.009593
8,5000000,2,4,20,0.008501203,1.106345
9,5000000,2,4,20,0.009312921,1.186593
10,5000000,2,4,20,0.01045047,1.281061
11,5000000,2,4,20,0.01177473,1.363073
12,5000000,2,4,20,0.01338119,1.437225
13,5000000,2,4,20,0.01539345,1.507154
14,5000000,2,4,20,0.0179824,1.5704
15,5000000,2,4,20,0.02126055,1.626708
16,5000000,2,4,20,0.02547184,1.674723
17,5000000,2,4,20,0.03075119,1.715125
18,5000000,2,4,20,0.03763749,1.742461
19,5000000,2,4,20,0.04597172,1.759629
20,5000000,2,4,20,0.05621097,1.762437
-10,10000000,2,4,20,0.008557117,-0.8941888
-9,10000000,2,4,20,0.008056253,-0.7844649
-8,10000000,2,4,20,0.007634868,-0.6731385
-7,10000000,2,4,20,0.007267962,-0.56086
-6,10000000,2,4,20,0.006965065,-0.44753
-5,10000000,2,4,20,0.006702555,-0.3333529
-4,10000000,2,4,20,0.006480495,-0.2182177
-3,10000000,2,4,20,0.006292225,-0.1027459
-2,10000000,2,4,20,0.006133741,0.0134871
-1,10000000,2,4,20,0.006017474,0.1299225
0,10000000,2,4,20,0.005957132,0.246231
1,10000000,2,4,20,0.005964828,0.3617169
2,10000000,2,4,20,0.006043257,0.4762115
3,10000000,2,4,20,0.006165329,0.5889741
4,10000000,2,4,20,0.006357556,0.7003741
5,10000000,2,4,20,0.006659476,0.8104569
6,10000000,2,4,20,0.007071916,0.9183484
7,10000000,2,4,20,0.007581377,1.022997
8,10000000,2,4,20,0.008142283,1.124794
9,10000000,2,4,20,0.008800989,1.219009
10,10000000,2,4,20,0.009587014,1.301864
12,10000000,2,4,20,0.01199682,1.46741
13,10000000,2,4,20,0.01361089,1.543044
14,10000000,2,4,20,0.01566102,1.612806
15,10000000,2,4,20,0.01825774,1.676129
16,10000000,2,4,20,0.02161433,1.731305
17,10000000,2,4,20,0.0259185,1.778441
18,10000000,2,4,20,0.03145494,1.81569
19,10000000,2,4,20,0.0383038,1.843064
20,10000000,2,4,20,0.046866,1.85682
-9,1000000,4,4,8,0.09694469,-0.366525
-8,1000000,4,4,8,0.08266919,-0.3781392
-7,1000000,4,4,8,0.04144016,-0.2796555
-5,1000000,4,4,8,0.009619928,-0.0780386
-4,1000000,4,4,8,0.008063533,0.03064547
-3,1000000,4,4,8,0.007228952,0.1411864
-2,1000000,4,4,8,0.006680343,0.2520551
-1,1000000,4,4,8,0.006309259,0.3625479
0,1000000,4,4,8,0.005768674,0.4720568
1,1000000,4,4,8,0.004945922,0.57761
2,1000000,4,4,8,0.005456126,0.6869471
3,1000000,4,4,8,0.0059968,0.7960666
4,1000000,4,4,8,0.006734154,0.9027989
5,1000000,4,4,8,0.007739217,1.006829
6,1000000,4,4,8,0.01119777,1.089206
7,1000000,4,4,8,0.0132517,1.182036
8,1000000,4,4,8,0.01531023,1.271963
9,1000000,4,4,8,0.01773573,1.353956
10,1000000,4,4,8,0.02096631,1.41971
11,1000000,4,4,8,0.02428995,1.468794
12,1000000,4,4,8,0.03011429,1.490258
13,1000000,4,4,8,0.03653721,1.514754
14,1000000,4,4,8,0.04581306,1.520879
15,1000000,4,4,8,0.06135973,1.488683
16,1000000,4,4,8,0.08117889,1.448073
17,1000000,4,4,8,0.1083544,1.383806
18,1000000,4,4,8,0.143243,1.306996
-10,2000000,4,4,8,0.02005318,-0.6311023
-9,2000000,4,4,8,0.01482026,-0.5151618
-8,2000000,4,4,8,0.01132352,-0.4113553
-7,2000000,4,4,8,0.009749935,-0.3056489
-6,2000000,4,4,8,0.00833392,-0.1967965
-5,2000000,4,4,8,0.007321015,-0.086114
-4,2000000,4,4,8,0.006599877,0.02548101
-3,2000000,4,4,8,0.006154372,0.1374555
-2,2000000,4,4,8,0.005883668,0.2493769
-1,2000000,4,4,8,0.005712533,0.3610797
0,2000000,4,4,8,0.005607553,0.4724366
1,2000000,4,4,8,0.004818011,0.5818749
2,2000000,4,4,8,0.004718283,0.6899698
3,2000000,4,4,8,0.005177417,0.8005985
4,2000000,4,4,8,0.005921019,0.9082677
5,2000000,4,4,8,0.007842258,1.005407
6,2000000,4,4,8,0.01007355,1.099304
7,2000000,4,4,8,0.01135824,1.199402
8,2000000,4,4,8,0.01273656,1.296806
9,2000000,4,4,8,0.01436734,1.389327
10,2000000,4,4,8,0.01633859,1.47481
11,2000000,4,4,8,0.0188917,1.547879
12,2000000,4,4,8,0.0213656,1.607314
13,2000000,4,4,8,0.02597305,1.634407
14,2000000,4,4,8,0.03112334,1.665156
15,2000000,4,4,8,0.03861075,1.6809
16,2000000,4,4,8,0.04934822,1.679009
17,2000000,4,4,8,0.06716628,1.638774
18,2000000,4,4,8,0.09282734,1.566442
19,2000000,4,4,8,0.1202179,1.501203
20,2000000,4,4,8,0.1539393,1.42201
-10,5000000,4,4,8,0.01061306,-0.6422033
-9,5000000,4,4,8,0.009226562,-0.5365022
-8,5000000,4,4,8,0.008030998,-0.4271679
-7,5000000,4,4,8,0.007160356,-0.3160627
-6,5000000,4,4,8,0.006449814,-0.2040001
-5,5000000,4,4,8,0.005954024,-0.09128338
-4,5000000,4,4,8,0.005631288,0.02175282
-3,5000000,4,4,8,0.005415097,0.1348353
-2,5000000,4,4,8,0.005302186,0.2478316
0,5000000,4,4,8,0.005225906,0.4734367
1,5000000,4,4,8,0.005183935,0.5862316
2,5000000,4,4,8,0.004738595,0.6984628
3,5000000,4,4,8,0.004635456,0.8043292
4,5000000,4,4,8,0.00589984,0.9084383
5,5000000,4,4,8,0.007599261,1.008611
6,5000000,4,4,8,0.008613113,1.113115
7,5000000,4,4,8,0.009531815,1.217148
8,5000000,4,4,8,0.01056967,1.318732
9,5000000,4,4,8,0.01171663,1.417513
10,5000000,4,4,8,0.01308457,1.511853
11,5000000,4,4,8,0.01453613,1.602211
12,5000000,4,4,8,0.01655823,1.681629
13,5000000,4,4,8,0.01847017,1.753094
14,5000000,4,4,8,0.02099262,1.80192
15,5000000,4,4,8,0.02503644,1.834986
16,5000000,4,4,8,0.03043057,1.86075
17,5000000,4,4,8,0.03769401,1.876457
18,5000000,4,4,8,0.04797477,1.874953
19,5000000,4,4,8,0.06209603,1.85576
20,5000000,4,4,8,0.08085646,1.814468
-10,10000000,4,4,8,0.008717265,-0.6540892
-9,10000000,4,4,8,0.007802711,-0.5436758
-8,10000000,4,4,8,0.006853214,-0.4324753
-7,10000000,4,4,8,0.006265447,-0.3199391
-6,10000000,4,4,8,0.005790702,-0.2069276
-5,10000000,4,4,8,0.005445057,-0.09355321
-4,10000000,4,4,8,0.005233195,0.01998388
-3,10000000,4,4,8,0.005101809,0.1335359
-2,10000000,4,4,8,0.00503786,0.2471241
-1,10000000,4,4,8,0.004987355,0.3607782
0,10000000,4,4,8,0.004940327,0.4744975
1,10000000,4,4,8,0.004912454,0.5880891
2,10000000,4,4,8,0.004994662,0.7005544
3,10000000,4,4,8,0.005395861,0.8079026
4,10000000,4,4,8,0.005924834,0.9092201
5,10000000,4,4,8,0.006947394,1.015125
6,10000000,4,4,8,0.007703248,1.122095
7,10000000,4,4,8,0.008459025,1.227995
8,10000000,4,4,8,0.009328669,1.331705
9,10000000,4,4,8,0.01030092,1.43299
10,10000000,4,4,8,0.01135025,1.531659
11,10000000,4,4,8,0.01261382,1.625873
12,10000000,4,4,8,0.01399512,1.715639
13,10000000,4,4,8,0.0157646,1.796285
14,10000000,4,4,8,0.01756888,1.866835
15,10000000,4,4,8,0.01998722,1.91326
16,10000000,4,4,8,0.02366469,1.948266
17,10000000,4,4,8,0.02898108,1.971598
18,10000000,4,4,8,0.035922,1.987402
19,10000000,4,4,8,0.04563785,1.987453
20,10000000,4,4,8,0.05893968,1.97027
-10,1000000,4,4,12,0.01549567,-0.6177428
-9,1000000,4,4,12,0.01337257,-0.5099398
-8,1000000,4,4,12,0.01178282,-0.4073761
-7,1000000,4,4,12,0.01043253,-0.3005673
-6,1000000,4,4,12,0.009441991,-0.1910435
-5,1000000,4,4,12,0.008623753,-0.08039377
-4,1000000,4,4,12,0.008025801,0.03105942
-2,1000000,4,4,12,0.007305817,0.2535892
-1,1000000,4,4,12,0.007123741,0.3641072
0,1000000,4,4,12,0.006913866,0.4737786
1,1000000,4,4,12,0.00595279,0.5730139
2,1000000,4,4,12,0.006269629,0.6975369
3,1000000,4,4,12,0.006731017,0.8051534
4,1000000,4,4,12,0.007218842,0.9132293
5,1000000,4,4,12,0.007800037,1.019877
6,1000000,4,4,12,0.008495898,1.124517
7,1000000,4,4,12,0.009662037,1.221983
8,1000000,4,4,12,0.01176779,1.304937
9,1000000,4,4,12,0.01444901,1.374123
10,1000000,4,4,12,0.01687155,1.434083
11,1000000,4,4,12,0.01959812,1.490321
12,1000000,4,4,12,0.02295479,1.540662
13,1000000,4,4,12,0.02762324,1.579015
14,1000000,4,4,12,0.03375379,1.608032
15,1000000,4,4,12,0.04209164,1.622864
16,1000000,4,4,12,0.05278129,1.626399
17,1000000,4,4,12,0.06609743,1.617188
18,1000000,4,4,12,0.08296545,1.588227
19,1000000,4,4,12,0.09992608,1.564546
20,1000000,4,4,12,0.1185008,1.534925
-10,2000000,4,4,12,0.01160091,-0.6360876
-9,2000000,4,4,12,0.01034336,-0.5306364
-8,2000000,4,4,12,0.009330965,-0.4210708
-7,2000000,4,4,12,0.008443222,-0.3103063
-6,2000000,4,4,12,0.00779969,-0.1982172
-5,2000000,4,4,12,0.007299884,-0.08562203
-4,2000000,4,4,12,0.006931981,0.02716407
-3,2000000,4,4,12,0.006672635,0.1399411
-2,2000000,4,4,12,0.006510018,0.25256
-1,2000000,4,4,12,0.006423911,0.3650012
0,2000000,4,4,12,0.006377627,0.4772616
1,2000000,4,4,12,0.006051872,0.5884458
2,2000000,4,4,12,0.005384174,0.6909803
3,2000000,4,4,12,0.005673408,0.8132897
4,2000000,4,4,12,0.006089412,0.9230996
5,2000000,4,4,12,0.006681046,1.030764
6,2000000,4,4,12,0.007618192,1.133567
7,2000000,4,4,12,0.009167906,1.22749
8,2000000,4,4,12,0.01123875,1.312145
10,2000000,4,4,12,0.01476329,1.472372
11,2000000,4,4,12,0.01667716,1.538731
12,2000000,4,4,12,0.0190673,1.599063
13,2000000,4,4,12,0.02209938,1.65296
14,2000000,4,4,12,0.02623736,1.696563
15,2000000,4,4,12,0.03178412,1.729583
16,2000000,4,4,12,0.03925641,1.749491
17,2000000,4,4,12,0.04912929,1.755974
18,2000000,4,4,12,0.06105346,1.752982
19,2000000,4,4,12,0.07582575,1.733854
20,2000000,4,4,12,0.09330574,1.700402
-10,5000000,4,4,12,0.008973955,-0.6554647
-9,5000000,4,4,12,0.008199926,-0.5439871
-8,5000000,4,4,12,0.007541531,-0.4316024
-7,5000000,4,4,12,0.007006348,-0.3182567
-6,5000000,4,4,12,0.006601147,-0.2043797
-5,5000000,4,4,12,0.006294387,-0.09025631
-4,5000000,4,4,12,0.006085416,0.02402025
-3,5000000,4,4,12,0.00594782,0.1383071
-2,5000000,4,4,12,0.005858434,0.2526443
-1,5000000,4,4,12,0.005798697,0.366992
0,5000000,4,4,12,0.005752984,0.4814121
1,5000000,4,4,12,0.005703272,0.5959023
2,5000000,4,4,12,0.005525631,0.7094925
3,5000000,4,4,12,0.00520964,0.821392
4,5000000,4,4,12,0.005296868,0.9304792
5,5000000,4,4,12,0.006126748,1.036183
6,5000000,4,4,12,0.007349048,1.136647
7,5000000,4,4,12,0.008793529,1.233173
8,5000000,4,4,12,0.01010847,1.329196
9,5000000,4,4,12,0.01131319,1.423897
10,5000000,4,4,12,0.01254682,1.514598
11,5000000,4,4,12,0.01387745,1.596072
12,5000000,4,4,12,0.01546339,1.664861
13,5000000,4,4,12,0.01752648,1.727402
14,5000000,4,4,12,0.02021527,1.782935
15,5000000,4,4,12,0.02387991,1.8289
16,5000000,4,4,12,0.02858393,1.867345
17,5000000,4,4,12,0.03504138,1.892366
18,5000000,4,4,12,0.04339478,1.906745
19,5000000,4,4,12,0.05435739,1.905279
20,5000000,4,4,12,0.06718514,1.894518
-10,10000000,4,4,12,0.007877879,-0.6631317
-9,10000000,4,4,12,0.007286508,-0.5502375
-8,10000000,4,4,12,0.006775304,-0.4365907
-7,10000000,4,4,12,0.006358554,-0.3223974
-6,10000000,4,4,12,0.006062841,-0.2077334
-5,10000000,4,4,12,0.005841744,-0.09285965
-4,10000000,4,4,12,0.005676177,0.02220868
-3,10000000,4,4,12,0.005566934,0.1374496
-2,10000000,4,4,12,0.00547923,0.2528498
-1,10000000,4,4,12,0.005402432,0.368482
0,10000000,4,4,12,0.005342818,0.4841469
1,10000000,4,4,12,0.005307775,0.59965
2,10000000,4,4,12,0.005348832,0.7141208
3,10000000,4,4,12,0.005447627,0.8259786
4,10000000,4,4,12,0.005740624,0.934267
5,10000000,4,4,12,0.00607783,1.033361
6,10000000,4,4,12,0.007170053,1.139701
7,10000000,4,4,12,0.008243692,1.241523
8,10000000,4,4,12,0.009217256,1.342839
9,10000000,4,4,12,0.01016727,1.442354
10,10000000,4,4,12,0.01119206,1.538179
11,10000000,4,4,12,0.01231373,1.628921
12,10000000,4,4,12,0.01354536,1.708323
13,10000000,4,4,12,0.01510772,1.775219
14,10000000,4,4,12,0.01711856,1.836848
15,10000000,4,4,12,0.01978723,1.891104
16,10000000,4,4,12,0.02346778,1.935247
17,10000000,4,4,12,0.02818228,1.972017
18,10000000,4,4,12,0.03474967,1.994378
19,10000000,4,4,12,0.04291279,2.009233
20,10000000,4,4,12,0.05379024,2.006297
-10,1000000,4,4,20,0.01296227,-0.6151203
-9,1000000,4,4,20,0.01200753,-0.5124949
-8,1000000,4,4,20,0.01117954,-0.4076503
-7,1000000,4,4,20,0.01054445,-0.3010921
-6,1000000,4,4,20,0.01000056,-0.1937781
-5,1000000,4,4,20,0.009597919,-0.08606574
-4,1000000,4,4,20,0.009287791,0.02137077
-3,1000000,4,4,20,0.009099003,0.1289242
-2,1000000,4,4,20,0.008967114,0.2362978
-1,1000000,4,4,20,0.008910167,0.34356
1,1000000,4,4,20,0.008639129,0.554564
2,1000000,4,4,20,0.008543596,0.6579967
3,1000000,4,4,20,0.008572267,0.7598266
4,1000000,4,4,20,0.008782612,0.8514387
5,1000000,4,4,20,0.009501173,0.983258
6,1000000,4,4,20,0.01003561,1.077584
7,1000000,4,4,20,0.010734,1.161447
8,1000000,4,4,20,0.01170293,1.248121
9,1000000,4,4,20,0.0129901,1.330885
10,1000000,4,4,20,0.01465987,1.408053
11,1000000,4,4,20,0.016872,1.4772
12,1000000,4,4,20,0.01974443,1.537868
13,1000000,4,4,20,0.02363249,1.586353
14,1000000,4,4,20,0.02887794,1.622085
15,1000000,4,4,20,0.0358373,1.643887
16,1000000,4,4,20,0.04468957,1.652081
17,1000000,4,4,20,0.05547906,1.647806
18,1000000,4,4,20,0.06810623,1.632205
19,1000000,4,4,20,0.081946,1.611075
20,1000000,4,4,20,0.09661932,1.587154
-10,2000000,4,4,20,0.01077544,-0.6387287
-9,2000000,4,4,20,0.01007351,-0.531262
-8,2000000,4,4,20,0.009494074,-0.4225167
-7,2000000,4,4,20,0.009027342,-0.3128387
-6,2000000,4,4,20,0.008648197,-0.202561
-5,2000000,4,4,20,0.008352236,-0.09188906
-4,2000000,4,4,20,0.008124514,0.01886076
-3,2000000,4,4,20,0.007982143,0.1298109
-2,2000000,4,4,20,0.007863992,0.2410976
-1,2000000,4,4,20,0.007805442,0.3521934
0,2000000,4,4,20,0.007770463,0.4632588
1,2000000,4,4,20,0.007758973,0.5731036
2,2000000,4,4,20,0.007538774,0.6815373
3,2000000,4,4,20,0.007514221,0.7890181
4,2000000,4,4,20,0.007583802,0.8943155
5,2000000,4,4,20,0.007717058,0.9894799
6,2000000,4,4,20,0.00831371,1.100743
7,2000000,4,4,20,0.009005026,1.19837
9,2000000,4,4,20,0.01103878,1.369915
10,2000000,4,4,20,0.01253964,1.448926
11,2000000,4,4,20,0.01450279,1.520324
12,2000000,4,4,20,0.0170967,1.582426
13,2000000,4,4,20,0.02059208,1.632839
14,2000000,4,4,20,0.02519541,1.672687
15,2000000,4,4,20,0.03116341,1.701773
16,2000000,4,4,20,0.03876313,1.718893
17,2000000,4,4,20,0.04817637,1.723583
18,2000000,4,4,20,0.05910562,1.719074
19,2000000,4,4,20,0.07153031,1.705534
20,2000000,4,4,20,0.08508518,1.686275
-10,5000000,4,4,20,0.009037144,-0.6588832
-9,5000000,4,4,20,0.008531133,-0.5477877
-8,5000000,4,4,20,0.008112407,-0.4356335
-7,5000000,4,4,20,0.007772043,-0.322702
-6,5000000,4,4,20,0.007496425,-0.2092933
-5,5000000,4,4,20,0.007285628,-0.09548922
-4,5000000,4,4,20,0.007105262,0.01883671
-2,5000000,4,4,20,0.006877416,0.2480247
-1,5000000,4,4,20,0.006791708,0.3633518
0,5000000,4,4,20,0.006746871,0.4779877
1,5000000,4,4,20,0.006723547,0.5925751
2,5000000,4,4,20,0.006720828,0.7063653
3,5000000,4,4,20,0.006680094,0.8169098
4,5000000,4,4,20,0.006720981,0.9263162
5,5000000,4,4,20,0.006934156,1.032884
6,5000000,4,4,20,0.007231697,1.134153
7,5000000,4,4,20,0.007650987,1.219958
8,5000000,4,4,20,0.008520127,1.319135
9,5000000,4,4,20,0.009594322,1.403602
10,5000000,4,4,20,0.01098688,1.482728
11,5000000,4,4,20,0.01278708,1.554684
12,5000000,4,4,20,0.01508782,1.618919
13,5000000,4,4,20,0.01810963,1.673715
14,5000000,4,4,20,0.02189922,1.721359
15,5000000,4,4,20,0.0267447,1.760386
16,5000000,4,4,20,0.03288604,1.789652
17,5000000,4,4,20,0.04028738,1.810583
18,5000000,4,4,20,0.04925345,1.819971
19,5000000,4,4,20,0.0597757,1.818269
20,5000000,4,4,20,0.07184066,1.806108
-10,10000000,4,4,20,0.00817356,-0.6702462
-9,10000000,4,4,20,0.007764592,-0.5572002
-7,10000000,4,4,20,0.007137066,-0.3286891
-6,10000000,4,4,20,0.006897376,-0.2133885
-5,10000000,4,4,20,0.006708144,-0.09766016
-4,10000000,4,4,20,0.006542857,0.01868786
-3,10000000,4,4,20,0.006411891,0.1353535
-2,10000000,4,4,20,0.006295258,0.2525369
-1,10000000,4,4,20,0.006212982,0.3694323
0,10000000,4,4,20,0.006159472,0.4864169
1,10000000,4,4,20,0.006150335,0.6026825
2,10000000,4,4,20,0.00621846,0.7171651
3,10000000,4,4,20,0.006352375,0.8298857
5,10000000,4,4,20,0.006653519,1.047657
6,10000000,4,4,20,0.007029396,1.1516
7,10000000,4,4,20,0.007491856,1.245642
8,10000000,4,4,20,0.008078096,1.335197
9,10000000,4,4,20,0.009033947,1.418634
10,10000000,4,4,20,0.01034096,1.498709
11,10000000,4,4,20,0.01197861,1.572653
12,10000000,4,4,20,0.01401541,1.640482
13,10000000,4,4,20,0.01657065,1.701499
14,10000000,4,4,20,0.01980191,1.755015
15,10000000,4,4,20,0.0238432,1.802096
16,10000000,4,4,20,0.02900166,1.83997
17,10000000,4,4,20,0.0352668,1.869823
18,10000000,4,4,20,0.04287806,1.889408
19,10000000,4,4,20,0.05197746,1.897642
20,10000000,4,4,20,0.06262166,1.89434
